IMU1_GyroX_Mean,IMU1_GyroX_StdDev,IMU1_GyroX_RMS,IMU1_GyroX_Amp,IMU1_GyroY_Mean,IMU1_GyroY_StdDev,IMU1_GyroY_RMS,IMU1_GyroY_Amp,IMU1_GyroZ_Mean,IMU1_GyroZ_StdDev,IMU1_GyroZ_RMS,IMU1_GyroZ_Amp,IMU1_AccX_Mean,IMU1_AccX_StdDev,IMU1_AccX_RMS,IMU1_AccX_Amp,IMU1_AccY_Mean,IMU1_AccY_StdDev,IMU1_AccY_RMS,IMU1_AccY_Amp,IMU1_AccZ_Mean,IMU1_AccZ_StdDev,IMU1_AccZ_RMS,IMU1_AccZ_Amp,IMU2_GyroX_Mean,IMU2_GyroX_StdDev,IMU2_GyroX_RMS,IMU2_GyroX_Amp,IMU2_GyroY_Mean,IMU2_GyroY_StdDev,IMU2_GyroY_RMS,IMU2_GyroY_Amp,IMU2_GyroZ_Mean,IMU2_GyroZ_StdDev,IMU2_GyroZ_RMS,IMU2_GyroZ_Amp,IMU2_AccX_Mean,IMU2_AccX_StdDev,IMU2_AccX_RMS,IMU2_AccX_Amp,IMU2_AccY_Mean,IMU2_AccY_StdDev,IMU2_AccY_RMS,IMU2_AccY_Amp,IMU2_AccZ_Mean,IMU2_AccZ_StdDev,IMU2_AccZ_RMS,IMU2_AccZ_Amp,OFS_FIB_Mean,OFS_FIB_StdDev,OFS_FIB_RMS,OFS_FIB_ROM,OFS_FIB_tnorm,OFS_FIB_MNF,OFS_FIB_MDF,OFS_FIB_IMNF,EMG_EMG_Mean,EMG_EMG_StdDev,EMG_EMG_RMS,EMG_EMG_Amp,EMG_EMG_MNF,EMG_EMG_MDF,EMG_EMG_IMNF,Fatigue_level,Subject
100.0,100.0,100.0,100.0,100.0,100.0,100.0,100.0,100.0,100.0,100.0,100.0,100.0,100.0,100.0,100.0,100.0,100.0,100.0,100.0,100.0,100.0,100.0,100.0,100.0,100.0,100.0,100.0,100.0,100.0,100.0,100.0,100.0,100.0,100.0,100.0,100.0,100.0,100.0,100.0,100.0,100.0,100.0,100.0,100.0,100.0,100.0,100.0,100.0,100.0,100.0,100.0,100.0,0.0193088113991901,0.224787381137852,3.64088161174125,100.0,100.0,100.0,100.0,0.139433920961514,0.234592241934518,55.714026328327,1,29
60.1130396942782,244.198295038138,246.719154102968,260.714423618864,-46.0096524818475,185.820921574995,186.570523322608,108.174821297781,-103.000995601811,116.458052668418,116.577335504856,121.869009745628,111.724980263463,100.062298831352,104.574564618647,106.749764904669,108.500008011444,112.87235927332,111.350130803338,126.374159409106,116.24729953579,109.187018289223,116.271173282752,128.426026400011,-435.616467954718,58.183147306988,61.0866416965484,62.5649171617395,-12.0156269830721,118.163859559055,113.538608919697,136.168159383543,192.874247378189,121.79635110547,123.492678774218,110.237568465144,112.020520481392,97.497917997696,103.368834265898,98.8718237141443,144.257647370307,136.185383558767,138.16773652152,124.198703314766,114.494977687036,110.794124733328,112.287444651858,102.868308796754,149.985426989216,1642.26479251383,15.5193187141249,138.709997145399,1077.2766691896,1.32114508892698,0.712888656252987,2.52822021514929,77.4302209676025,198.61701929758,84.8525305711793,146.976915808263,0.347668256842664,0.190394264616927,7.96756703242132,1,29
-4627.73022347438,1051.41971235126,1075.04779698823,1304.42303289039,813.24151461737,267.041128868737,279.043477016635,202.791603288387,-284.552906940742,344.516861730178,345.017871745691,383.167113841283,87.4407570339344,103.9669357729,99.2203899423934,150.801072509268,104.252301234849,145.085725502074,131.884465608704,271.972219159962,-94.9959344960948,230.634128995282,198.536559518282,442.207051907203,-111.662128543063,78.5586723160731,78.9999917247576,101.699965503154,-22.3362576568769,148.490058112105,142.91592763478,171.784827636317,66.4703401785396,89.228168291335,89.4567874316522,89.6229670920609,104.984784304141,97.4401140401848,100.474290947534,105.337226908334,136.947125080208,111.51480530642,117.792326601422,127.9463062734,104.249106209094,114.886525854126,111.151740126502,108.989881912292,162.459924220344,1815.25551483145,-51.1263268216582,158.816630999513,1107.53740076806,0.530575239366361,0.535585290444585,1.28275885670664,664.25646008413,2538.63980657218,810.802752475722,1994.95261907672,1.12383868597415,0.216324257778807,7.63027621086777,1,29
-1455.66207482005,1738.35726777356,1740.56156529749,1679.74088116864,-414.878588815095,629.664890903695,629.490708246813,461.840541062456,-697.483356846937,597.070732779951,599.654405936406,547.161144999079,23.3780958272208,105.586691197093,85.4401316351009,182.410248532917,77.3507546667228,204.634659745712,168.322351845675,267.403814353435,-336.385456830157,276.270469760402,299.221145695532,423.073225004465,250.351266076701,91.1914699589134,91.961601992862,108.635681868665,-94.4232424319009,267.216804341068,258.295545741896,253.446720847005,-97.5758638246082,105.603239199558,105.676566836197,95.7240639947221,106.022060969781,96.6060337420331,100.398743487524,111.44799708536,129.837061344698,116.105950131299,119.463074103112,140.204547529907,98.9073638293368,129.849341699019,119.290361912344,127.56268532487,161.935295832119,1798.35882051324,-77.0880677219553,167.540341241155,1059.59037915059,0.463228085441103,0.490072729005341,1.15362624456953,1370.71368528426,3766.29777335366,1523.80310312187,2756.12014043415,0.22241198417845,0.176350992859605,7.42457317571575,1,29
363.795169952521,1818.46974618851,1819.00724197034,1759.78336932723,-129.337260009894,712.152401678043,710.881448061097,493.052692913239,1133.54448507079,654.377944458744,657.210371989575,680.382478571801,13.3051979252824,112.804250827062,90.3170018701583,203.483032548683,88.1738201520382,220.182661676051,181.979997063131,277.269687281815,-314.350978929035,275.882819256515,290.340461105959,379.325027814788,128.328130620192,117.287391962312,117.577794121391,139.934592198367,-8.82935679224834,348.526868843774,335.028912105512,305.907561462277,-35.8485321239656,89.598268371274,89.0845317355721,96.9693221177635,113.131508233152,97.9162611554846,104.081347923358,112.919724106596,130.271020150911,137.263028263786,135.940763341845,159.329741576112,96.234851550401,133.18275000643,120.744060671663,131.070202361752,153.191489361702,1776.89620094718,-82.4912616768009,168.304847892139,1036.33639169558,0.461236749871427,0.500198518658773,1.07904352090771,1535.62123293142,3980.22355586975,1686.31534615731,3388.79411432918,0.322964547712281,0.178106493237674,7.39535511778652,1,29
87.2329786896734,2169.80907863657,2170.61715527053,1775.40752254474,39.980690343223,734.558199660916,733.196135924167,534.540436071543,-67.2609900663929,776.330708029065,776.991424505547,751.55423484591,12.7308339825422,126.674109174489,101.301248985575,211.787236540246,89.7933077305015,228.569374259289,188.617281136912,271.30562598758,-309.849170242951,272.087380877199,286.364180871567,347.478812686289,376.930708544101,149.410659718259,150.288093042462,160.110150048001,60.1120406600221,355.407763069007,341.794090632328,314.891899287911,-58.4198078669401,92.2862288286941,91.923658220996,93.2613482908626,114.869821824728,97.3626060652991,104.48221577856,115.837134786868,137.865502539203,172.668732095909,165.740078286213,179.282257328098,96.0630991010369,128.872094032247,117.717672053116,130.751573635747,154.41562226756,1670.11296139676,-78.216905971128,158.509719994509,966.752837202416,0.463037099045174,0.497241330308056,1.05712481437765,1156.38190192083,2372.00450398034,1221.33603541177,1612.60787525414,0.237633046662531,0.17528354097781,6.9337388626446,1,29
-860.371809537129,2197.62868408525,2198.57550352356,1952.6026537486,227.962507108612,754.783488573505,753.547861212405,576.795686248776,1080.4284514745,835.270243497467,836.894506497345,753.763256078537,13.5797700944312,141.380734792228,113.039957672511,224.353628335825,79.4453722216017,229.796104786875,187.756383786078,267.683827582407,-317.00034048827,237.606754751815,268.930680399588,371.845940414542,219.89435351982,144.214312774893,144.646296852088,153.298706278331,20.5390014908524,339.015747636395,325.75307872008,286.910299173869,-63.8907600470204,100.54517858168,100.159117959433,103.249184345621,111.718974148437,96.8392888923281,102.861559224635,119.943120188733,134.506047350601,185.135006058613,175.284298396264,190.974340242901,94.5275409402471,124.361709296001,114.182402466011,129.998569422045,152.491984844069,1737.90607256149,-73.0491669032981,161.024211602741,1072.2913826114,0.485129683107917,0.51787901805659,1.01282135424916,1692.4819622951,3567.80609003702,1794.35479886287,3301.00632696098,0.30376680748473,0.16882873063542,6.89029580648865,1,29
71.6234053047223,1829.5577255418,1829.83658854066,1835.36460083351,111.37566245744,777.2461921886,775.781294549863,564.093313193283,1035.50775148435,796.744113996838,798.425835552181,669.240053532711,11.2220944006383,146.871904406404,117.312964761313,225.685398113493,71.0541117646961,225.024223768368,182.824419712108,248.0689376401,-331.018767433379,236.862123848214,274.357587467074,375.429583945716,155.220156836934,154.008846438452,154.23274963112,157.716495548776,2.90384296734243,356.27175113021,342.200983861565,305.869652863856,-47.0680649254421,98.6831361822868,98.2010902685802,96.0484036539942,111.498860206219,98.70452932625,103.860474332243,120.998153414798,140.213848943367,194.268949655367,183.762273378286,201.38617477856,94.9685668608562,122.787738463043,113.241312054764,132.707563855796,146.691926552026,1671.34461450538,-64.9733830756748,152.505875959772,1050.13148999475,0.541647018301449,0.556909784919714,1.02864739221994,1297.10547451662,1607.15128607343,1309.5500470922,1351.12051436545,0.16735875694444,0.15727975307644,7.3876615293247,1,29
584.465651433102,1635.62835779427,1636.12018310824,1689.1316313231,15.402749078638,780.817336953917,779.233019762139,594.705375968342,325.804923747237,792.337128589536,792.745062763404,704.94787339386,20.4719836390429,129.262154721446,104.146663309896,205.501043411149,80.3758099338878,209.164275459121,172.647380383701,227.624297210893,-324.29734189377,274.593815393468,293.62724839418,402.425724214662,250.012194596848,139.432218904332,139.862768712312,149.841997250018,23.1304541789252,361.254904870939,347.017004459131,344.469135490465,-44.0133335388745,122.72357918402,121.968139806588,123.08122568929,113.84725454775,96.6237060653265,103.664951038644,118.962338250634,149.31739391712,175.034950573521,170.175624285967,189.829239338874,98.1103947657266,129.621739491052,118.859689919938,140.740909327366,149.315068493151,1574.39657627073,-65.6517382975288,145.617595062787,934.834411160221,0.520017355343988,0.541663856079915,1.02438431017135,1428.18390406468,2847.53933436207,1502.74032386089,2511.72161390444,0.240230963533858,0.177220231138967,7.11063496876788,1,29
341.171133799684,1242.93756371169,1243.35114262941,1254.7238100335,-16.6938225830693,773.734447846978,772.188240894539,593.449485834744,650.190696517474,745.39329362636,746.220452799135,679.436257693496,27.5655378560686,104.336292734113,84.8510678932736,176.380193795982,80.8506719763491,210.157623763689,173.367312033285,239.980156542829,-311.951075578617,276.848543005447,290.014483182974,427.989231213,114.921873110746,147.940593853363,148.159397835736,165.915899824996,-6.12397207889292,331.686049497758,318.6701505386,329.137595181188,-9.93557912267781,165.038337241948,163.96547221234,152.713285674034,111.681186332131,93.8231868448916,101.118423053617,117.980448084358,148.986826312364,140.096378650839,142.272348937248,160.96429549813,94.1125598018055,138.68998249767,124.067797198196,149.708032044943,165.170504226173,1641.58636884413,-72.7818274432616,153.849295589045,952.188731884133,0.461080565609322,0.487547144144639,1.07989754876629,1597.20394574378,2330.52263251929,1629.35237093102,1962.52057772746,0.15427062465978,0.163524433377646,7.33297635094325,1,29
-853.928163602474,1169.21064144404,1170.72274055951,1188.19515762349,479.722693227489,755.888363115395,756.289853804955,600.868878974223,131.250923278533,817.182844545493,818.192917340459,769.69658385463,29.8234025610853,95.6765050703575,78.4602653132496,175.898139094012,66.535011468434,238.166219050219,192.379973196879,298.525704626467,-317.532630833765,331.896025524328,327.867156078129,558.835487548593,471.993411777677,238.959570201996,240.175493077551,249.633499923886,25.5152579075949,287.599725835286,276.678942721327,290.39954872973,-115.698717377963,185.707127373865,185.56911155684,185.602110994282,108.356184444815,93.6116781149383,99.5986925718523,121.310673761174,150.494340470578,136.3793094896,139.813727164184,168.105195872524,95.6244079483653,138.775444936145,124.538131836193,159.481480518127,180.472165549403,1628.4574501332,-79.7434178170074,156.502873358603,1004.78206186982,0.387440486621901,0.417539639190067,1.04122446237336,1682.27830854126,4074.33654051651,1823.69762906139,3594.99673618538,0.398002993887347,0.18466447032564,7.78488114420395,1,29
-628.658212371259,1396.29360901809,1397.39501524791,1351.41363563694,501.351711613896,665.117323899493,665.281535249992,611.594525338671,-1549.7842308951,826.46386012233,829.794573958099,731.966301140731,78.9403578120033,79.2732788782779,81.6365414111318,152.416954837968,56.9613362664152,256.106263341969,205.120873326579,311.032962187192,-296.467764130244,472.207072824602,420.222521817465,678.131395684248,157.505866555992,249.211561986272,249.86886196954,269.816364902786,-97.2501409912684,228.131949907185,222.968184483812,265.778526121594,-102.989331316056,228.651619219144,227.657528618637,209.794069818983,111.17027148467,89.2404699429949,98.3172395681513,121.176578151558,159.391416304611,150.142662122263,152.434191496277,206.373847137248,104.979294485764,134.592155683878,124.440374083466,154.280029131768,158.262897114544,1635.4469345404,-88.383686464878,161.323981284282,1017.50546549338,0.404137373482232,0.447921493741852,1.02064955582027,1181.60311196449,2387.0923184104,1245.43975359658,2219.55427710862,0.525601203130962,0.133135082672478,7.86307389979744,1,29
-493.742418771034,1486.79086300292,1487.33906957444,1411.05096885466,86.0649728593618,843.77278956594,842.339428534017,763.140540187091,-1537.13167016995,929.447101602752,931.928861683477,802.00602930009,20.7916393476589,96.4038915948221,82.772314101848,199.023651901555,56.7069720863089,242.697454293231,194.620832649374,290.30169404329,-345.206376411067,525.382865973314,470.214212869225,700.407950221836,21.3189120846782,272.972857196411,273.090657398448,282.151741405406,-62.7255527932815,210.553247514881,203.61434612524,220.340490292438,-20.2790568840833,317.984242889708,315.698683426857,239.768122646241,111.888369699473,79.332072179661,93.2395491236421,112.568969888055,124.547438717116,166.058931931366,158.294299282879,211.213587800202,92.2046331577986,133.887651067138,120.123813862979,145.384435311866,161.264937336054,1657.34743219595,-86.7112705064674,161.962202619682,1010.38742627632,0.401766288007304,0.446774749291302,1.07481808089459,1932.24131630429,6232.81910678766,2235.6071133755,4802.61906924213,0.259639943309202,0.19102136170611,7.38757221857551,1,29
-1370.95642008165,1599.48666786175,1601.25899744452,1368.71106494076,217.767675003186,971.932986665974,970.344128385819,862.388354991369,-165.4717634403,1092.56917533166,1093.47152680892,874.291401514562,-0.770861343172709,107.901577741748,86.055532259037,217.726874799404,51.2865107057165,231.959884623881,185.701524098331,285.82001249403,-355.179137269966,564.701435203884,501.143342960541,763.225416535036,170.635355495896,314.73706132023,314.968685724315,325.294540272347,-36.7212006726521,215.261366487681,207.04251445935,280.449686799949,-61.6688040478198,357.126400629382,354.654715397786,290.715123580871,116.289751482937,77.7950082577162,94.4635059703989,113.783033857756,131.239798102219,166.520521596234,159.547319077601,208.472285636015,92.8797914324047,132.531722133691,119.310651252049,141.990714248557,155.31914893617,1620.98996698918,-88.8597663856258,160.58038227262,977.156828265195,0.404544871361152,0.452134526119499,1.07791005953782,1706.3402101201,2359.74545544994,1734.15328808139,1911.85650785563,0.172593248585005,0.156555989669255,7.49753265670956,1,29
-11.3116033058554,1993.94897379415,1994.58698908567,2079.80432211334,205.461779329958,1070.72016218378,1068.79952795298,897.249168741157,227.806835938409,1278.91831286664,1279.60200114945,964.557443694014,-4.71374811931426,116.713551625581,93.1193081967548,236.404621231137,48.2304773749931,272.465485576901,216.978804677062,329.978319185685,-373.881377118467,661.129478358193,576.536505854207,795.83671002569,188.157727687349,454.548705016601,454.785519458485,454.299688757409,20.3367634926127,462.688710149024,444.507268658153,409.358428562234,-33.3048167961779,467.648579583622,464.260116615589,345.140875408898,113.458247652344,77.3664943081419,92.9101720388136,112.996191850921,133.755416054707,172.912112850449,165.149770334395,222.823486439594,84.6312664979035,123.359530375935,110.510181737728,134.002887166413,148.178373651997,1541.1225021346,-98.7623232613727,160.935487646291,931.19897397346,0.384018142377858,0.425714439743909,1.1200419968503,1711.58253175701,2268.45957172282,1734.74902283717,1938.23186938747,0.111710710255548,0.14785680390717,7.60981646129682,1,29
-582.029271427547,2950.0585748257,2950.53301690413,2372.61493548195,-1179.69736961619,1088.67599280048,1090.73337102624,940.071314627121,603.767479062984,1856.69055233419,1857.56639069669,1174.16236972928,-17.2262732929754,121.088114689983,97.1204330323689,235.732741879688,65.5869635961501,327.200687135756,261.216643797717,360.599713372287,-354.162013482744,708.091180093995,607.302298215175,850.298751425084,163.500535500204,520.368529792555,520.546515194311,474.464281629952,82.7664370809171,583.98650542756,561.362560384914,454.306969614283,-94.6637627120619,528.697887471987,524.92496537944,372.162701787478,116.203951165399,77.6040958707112,94.3163979473982,113.06268554164,132.146711246658,217.440734386528,201.766243122825,260.299516025932,91.8593079780003,124.040021724065,113.117478863142,136.112989647816,152.287962693092,1602.07405698482,-99.6553546820639,165.510520456912,977.638535285781,0.382330867597931,0.42454565922634,1.09844285340277,2245.18019400576,4379.86908087257,2355.86236645755,3452.33665394928,0.136859685245469,0.166887341007229,7.74050607906137,1,29
1915.2026402055,3208.45060084023,3210.14448609539,2806.8070643338,872.584774128807,1090.94804277532,1090.98787470135,872.196577816732,-1345.43537476795,1961.54062193849,1963.07750991057,1304.41489132695,0.743474555018552,132.232782254551,105.440383664918,252.316922243078,37.5833313073341,311.218147278279,246.577344383785,344.57501929225,-383.867275496235,643.067822791858,565.475970384811,894.905429721307,605.115113772851,591.971238019414,592.764065826125,545.563386091148,27.1037715104058,689.6518297082,662.442854521499,527.660838088031,-60.2362278061406,518.753225917179,514.988756218719,376.841557740939,113.124489348592,80.5267914610642,94.3997331853346,116.420616922921,127.44019366131,219.230376045624,202.591120895652,269.264907314399,81.4620262539265,123.178342482846,109.475489353608,148.1025334235,152.287962693092,1665.79058406853,-117.635176235831,180.966471128707,1054.87494069882,0.352083780196629,0.373024863574593,1.08915592652902,2504.47257064831,7946.59549943565,2884.47716512499,6270.70074828077,0.363921486262785,0.210429328918646,7.59135713881639,1,29
120.221297007522,3371.08868194872,3371.94793345316,2931.11744466785,475.585433866997,1102.53996952643,1101.19308650705,899.979649234814,-456.557191810316,1836.91283449057,1837.99997874475,1309.33242585435,0.914276857426753,130.645411198365,104.198854101232,254.5798318803,59.8215055001513,287.040059778686,229.40343411762,333.758130305369,-371.576823620653,614.104764362431,541.258807886189,866.450558356116,-931.199497652247,654.734593643301,656.16438917923,601.912403367925,-78.0708546863272,610.450819418218,586.837990233941,487.25978880962,-82.1110055123046,501.378781421621,497.877749158036,375.602935668534,114.682449698708,83.8394129722048,96.8761706947823,114.977703834331,96.4926546783519,223.180689026823,202.280801135064,280.12784220619,89.4836506770808,132.007183238504,117.946597188994,157.065754564841,146.750218595162,1604.80972254198,-117.515222525278,177.004910794643,984.579315373684,0.352095264453175,0.37232944912997,1.14152026861239,2096.03157831766,4118.6894712672,2201.35853860738,3652.41329067994,0.206048922808574,0.171698684633635,7.22297718746479,1,29
-929.769382144494,3195.90238504136,3196.47130233827,2814.10917465127,-192.186362498507,1130.66493844952,1128.45395710999,904.162976964441,699.016817282401,1745.37284525806,1746.17151123334,1187.37897659455,-10.9658749919221,130.906681350216,104.624966675336,238.109920960512,59.0097734203416,280.215186328614,223.988224194778,343.849630691214,-354.646407147727,609.584837106841,533.798722312545,878.187712044833,-298.858419208322,641.154575431768,641.549021983937,550.750916753465,29.3155818116941,585.746087487443,562.59933663678,483.95382337831,45.3671859885277,464.525819614205,461.175562274603,371.383352403922,117.586862418682,83.4233286918442,97.9756761218815,119.981354060892,43.9191290074919,221.06311134953,196.141426389505,273.271847319878,92.5580229582646,135.981161452925,121.600428723103,163.586588981947,143.719032352084,1482.13319953293,-105.210687782071,161.209155713196,885.381464909592,0.364670349582804,0.395116529133226,1.10819738791771,3303.47850182327,9534.45938688933,3713.92850373749,8035.76270130213,0.352816964337257,0.188249069211774,7.46310218332237,1,29
-1869.6302091794,3666.23559403762,3668.03143693561,3001.58817444534,-492.665003294243,1040.24717660809,1038.86547740035,838.243417593762,1064.56693515116,1997.20699631975,1998.3994166573,1323.76610492741,-22.3440699097524,147.38881570071,118.32956531463,258.663434652239,70.9194539020086,281.312603815394,226.135329770284,324.880755521258,-345.258449860471,611.019864213396,532.715872860602,867.25409667184,431.80917643981,607.104413684892,607.537368426866,529.698160736456,61.0434187025412,644.015174960314,618.759210738301,556.207611967584,-91.7964357971435,478.538257011884,475.17963644081,351.756105166581,117.195714247286,86.4260957312373,99.3956031458338,126.97981500901,67.5755480085262,236.245892751715,210.906728154296,272.632636288921,95.3407889645991,133.146823792063,120.471584324213,161.55126671175,142.232585252113,1515.81766442001,-108.223331763548,165.257709111866,889.007911919718,0.368011651009163,0.397753499612111,1.14840351118897,4029.97792991338,8078.38959911387,4243.31844669714,6483.27588262495,0.241717828701889,0.180847115910329,7.76932116439689,1,29
355.956385122448,3044.25349514665,3044.40671347828,2707.02275677156,-351.062414038221,1023.6985125173,1022.15500264615,810.823557984664,274.237931902651,1828.10398261745,1828.95403364684,1257.04991164905,-10.4838028035079,162.793522388754,130.009453906979,263.08260244599,71.6080902770519,286.31594823441,230.067811227785,309.152243413074,-363.775721426713,592.697033436795,523.623355760646,800.368116698486,330.927665018954,564.298612543764,564.612679891971,499.29995474377,40.0548010328941,806.955903011714,775.039192530222,687.603868572466,-42.8614210397611,522.587559103368,518.760059843538,388.500840995928,115.281869175184,83.1741418731604,96.7823999281372,124.684674451045,80.8763743163302,216.81774412015,195.04471947901,252.484704593187,89.246382229117,134.528344510137,119.667752094196,159.112131301043,143.806470416788,1516.53580155774,-106.812676891696,164.39313720422,893.258998358606,0.366562705033027,0.399397203305505,1.225436032722,3952.5311242824,13349.1827923276,4634.23729320357,10891.4636019819,0.434560235524603,0.216140604436359,7.56679962818692,1,29
-90.415255839394,2765.01831378432,2765.18402886788,2627.85170941677,123.063918368023,1017.7951154801,1015.69103123297,835.276811824686,-930.226595318854,1591.73538222614,1592.63527465214,1205.12882567885,1.61363397544715,168.792590966486,134.580551852829,271.298013460066,64.3494935123373,289.31540470002,231.664472995894,310.328151986182,-383.264327567818,596.931423571662,531.591479624281,803.832259659628,979.267501917315,576.601557494344,578.369311879842,530.645945943861,85.8729218351397,1062.91421653361,1021.38857358247,889.565717516967,-111.600108955446,586.707947421084,582.557452650312,445.232931820054,113.711047570022,85.1425308038291,97.144378677641,126.549822475697,110.621596200384,218.903990915194,200.929763995683,263.716555565701,89.2191222397509,116.3910213374,107.096772801914,143.799745097018,147.741183328476,1501.15224769539,-117.971158837717,170.946519957557,903.141477979736,0.324726322130187,0.336807282027219,1.65837995853379,2667.28811201841,5551.42882841822,2822.74744976808,4624.17194532932,0.190895279856614,0.186117618294588,7.31066431361648,1,29
618.229795052667,2385.8144634801,2386.1994252182,2291.16882065554,333.387159528562,1059.61924610511,1057.97293497677,856.160362854606,-590.392527830092,1466.97659107347,1467.68830427268,1077.44257645862,6.06556752426411,178.531608029957,142.402879597905,296.298669104415,62.5930333409694,311.071233828511,248.412119681311,331.723073531032,-373.513817559548,629.813992754109,553.252990468718,824.398719832971,901.023265951487,631.653328912979,633.98126568329,566.497069310046,67.4868486829539,1184.42927094547,1139.07350908008,978.494234931426,15.0560807315794,618.249156014707,613.68288070429,460.516894654736,111.432829752528,89.4938845088201,98.5366984307034,128.432702151208,179.885677600343,205.989774604031,200.940245680597,263.342160533285,90.0361010554043,110.488554043882,103.357672199549,135.685116787183,139.259691052171,1438.34502280914,-125.513651945742,172.555274410673,858.417656409627,0.309392837863779,0.308907577529961,3.1005790184778,2949.32069120459,6313.58263042779,3133.77320767172,4652.73772910486,0.417243605679051,0.18598853184533,7.14556872869928,1,29
1033.32328128107,2992.14699142642,2992.57019766424,2744.05790705173,136.868910582125,1003.14861126388,1002.02912714752,818.234432472434,-939.077842584661,1716.27680035626,1717.19485743691,1239.57237953996,1.56760795698593,191.682284886089,152.911504552794,309.499474860099,68.6096321956414,321.305896628265,256.938787336805,356.649395509498,-363.844156315132,612.567211523158,538.257393046139,794.334024696781,-90.3260980896551,583.285038029288,583.414395773866,485.07289696665,-89.4817599018723,1122.76438119792,1078.83364246061,973.899712802873,-4.83380885385304,557.365695067795,553.299630574742,421.743460161359,111.479595521895,92.4667934008865,100.229880166984,126.896697895613,191.49810839296,201.260243491597,199.415913116608,261.552369646609,90.7114456800074,112.263500653706,104.760801886445,135.457524840035,141.125036432527,848.350748348133,-51.180709321698,119.871196524577,537.321672093171,0.344088989294894,0.358840149668943,3.69972198195843,3671.81967767236,10058.3478555502,4079.14891932559,7345.1834654103,0.281868804614164,0.201317766408585,7.73068830877896,1,29
226.080610835667,3600.86250984001,3601.22335843618,3255.89389408851,-60.9824800568393,935.584302339352,934.04291043135,778.190894524807,-1059.10882068577,1950.37814539517,1951.37561237651,1431.57196915916,-2.9083858072387,199.526665717443,159.102932937417,309.999013411362,58.9132879886242,317.189978028451,252.766222563658,378.624186969462,-370.55421359215,584.756162581687,519.44280070354,738.361056549862,-39.0092687572526,509.451196002233,509.527927939558,500.43992687388,28.2411195003373,1078.0331428092,1035.28238551092,1016.86279101265,-96.5528028701336,534.996267944899,531.117412504623,420.643894489798,113.549310978992,90.0313235550224,99.7717820821803,131.828313290564,155.997938727064,227.547429879533,214.400578235476,288.581864669893,90.1822892451339,112.257982274733,104.584531608442,141.082297248088,136.403380938502,41.2665142479642,40.7104371496793,57.8942102133393,114.704803490941,0.335938721792313,0.347263416998634,1.90905677354392,2675.16828968757,5352.23757626168,2816.08366343326,4774.21957869913,0.30998196167379,0.174125452733089,38.8662937033526,1,29
-322.571818985384,1830.99133614359,1830.59587507119,2603.93218075798,114.570952854827,466.483638851521,465.585109457017,723.077108608976,-329.00649805151,915.024797956766,915.148569326582,1114.93249136334,0.133582847631909,88.291689508987,71.9610372772827,159.513294432688,21.9328498564948,133.811141216464,108.315150352662,194.932747384635,-142.885025802262,236.649188834229,212.555249664704,321.913692684663,-33.6393910701602,255.477142497186,255.377972188067,449.890610256562,16.8814174596467,456.616732394327,439.603626682551,550.678294488548,-39.6031537976636,252.963699978736,251.310307506553,304.041461842394,51.0002883398513,39.6460002305144,46.044165572966,69.0188517248411,53.6376794763626,101.526718357456,93.8139320731614,134.630314319468,38.7247790907059,49.9025096924554,47.3024323949105,73.527727373014,140.950160303119,41.2497664971592,41.3337955849219,58.2685190316296,115.298785690528,0.321453184792453,0.320807327266506,0.929753459853101,2.79610383680359,2.55763671761638,3.788857437056,8.43250586612678,0.482484757787929,0.306225620610557,26.123904763689,2,29
-7.90233494674445,505.311374336494,504.164749089098,1915.71237006659,0.883544777618171,145.22221422257,144.85110692922,666.672248050989,-4.68015023480303,202.75214047877,202.28611603739,875.183135049537,-0.216951158452623,14.0377869266037,14.0048402496347,56.4631447597943,-1.62351714566152,14.5968646649935,14.6495602561384,60.5701771139714,6.97930501427613,12.3266414299664,14.1418326751971,55.2315469141926,-1.13728925227634,100.988030280128,100.755486272685,394.720419847326,-0.651567896798325,44.0322152240519,43.9336569947352,184.25792289264,-0.711132774051743,59.7000298327674,59.5532608467587,216.561099155432,6.76810174705506,6.72365356344105,9.5279991134969,23.9312680647335,-1.59787746959793,4.04812818697581,4.34247382654829,17.0025338375543,4.33894874572687,7.0980010851968,8.30359438533302,24.9297019239345,140.075779656077,40.9698264263149,42.8800513617662,59.1742287859475,122.532219250463,0.311149367976874,0.305667204626093,0.890079994016644,2.76331994470954,1.63445340688386,3.21024183808321,5.84600387987825,0.318628130603625,0.222762111188673,7.66532086756839,2,29
0.674457699546175,436.606975107671,435.514131824776,1811.41612189378,-3.99302317494218,136.853085532526,136.601060895506,645.042233433481,-6.03399745975896,198.058521013158,197.659275282209,856.580568864704,-0.397654801959816,15.4404823139056,15.4081183812629,61.912143320982,-1.6498121946348,15.2571999487532,15.3081850919653,59.9200886206497,6.95435445679867,12.1496500730901,13.9740689775447,54.5863478360511,-1.47949202951804,105.057943075087,104.808223100033,404.791609144064,0.172111728795094,46.1863706208305,46.0712240772406,183.38217171512,-0.970749022685285,61.88770295445,61.7405848198911,225.994264658112,6.82259971136348,6.97132790055497,9.74215490170621,24.8453849777808,-1.48095464116869,3.66377154042591,3.94340523688253,16.1898722894941,4.39262827539486,7.47185945971165,8.65163772727983,26.4085462902843,142.524045467794,41.1188959616689,43.2307794753717,59.5341968382221,122.452475362013,0.301531384055173,0.298415854075535,0.942032888044435,3.26458188326226,1.97362180539803,3.81448050678232,6.95372509944279,0.419650181137519,0.216815634178275,7.69342944328224,2,29
2.52348233570853,458.189857017707,457.047959989754,1868.23665137242,-3.28539515167138,161.196456492005,160.834542200044,707.271890734114,-5.90676720872821,198.581541426022,198.172225605189,905.912386308271,-0.226770599605574,14.433580410594,14.399830267519,59.7343927066219,-2.17681087679232,14.4635395378058,14.5943376682444,58.8257763856522,6.93646977149753,13.7886002449161,15.4111936460353,55.2995912754492,-1.84196835377404,103.244518522872,103.00305013954,402.144256537273,0.292884944229653,48.2578063565974,48.1376851936234,188.89589593146,-1.4890422504429,59.5621195751889,59.432369887433,222.595206675328,6.84757053550077,7.09845811484873,9.85013228042719,25.2374549575355,-1.53488144858574,3.88736104092278,4.17043301035442,16.3081350191629,4.56070373015479,7.4770961432359,8.74280651818825,27.3276544813281,147.537161177499,34.9263061987505,45.2634224136791,57.0747759885264,103.436980581954,0.232689845259233,0.241913317382416,0.921429350925866,4.51037321116531,2.59031915048114,5.20086324515362,9.63620578737597,0.288667823255157,0.215158940272994,8.04155026205398,2,29
-0.892273735507803,462.987141875151,461.840695186438,1849.43528707162,-2.07530703769953,174.009386045904,173.589789300214,754.840511815809,-0.163502527035595,201.496562524947,201.009450413953,921.52388541498,-0.33885644720918,13.9733059542242,13.9429492629251,55.1913111017736,-2.1040993294532,15.5506984325137,15.6550466304096,63.0714185670443,6.61927304653962,15.1602127613085,16.5099607689186,56.6411245654908,-1.2508474031294,97.3891019207155,97.1557012609343,387.619274809162,-0.552493389813973,47.0707039604957,46.9584425462812,198.153651331818,-0.22592192926321,57.7395713031141,57.5995905571832,220.88008567484,6.88361418039796,7.18681294822031,9.93872733208859,24.9705743789545,-1.4590854329348,4.11745344230934,4.35908259801484,16.2938742248877,4.37343095195849,7.3007786336309,8.49507575055265,27.502858525282,147.099970853979,29.6779118004873,45.3615257570722,54.3149286944329,87.8569805617646,0.189279533716908,0.222567787397267,0.922832659363748,2.98418560196464,1.31782582919076,3.26204710074816,4.6765024643382,0.348325245221006,0.189759584864116,8.05922112403814,2,29
3.40703815083155,446.324727567173,445.253855992304,1810.78269652428,-1.72401922823476,161.806805203787,161.422085461506,699.474586852354,1.00602574547275,211.157971089991,210.646408863919,941.404996345627,-0.0959005368104575,15.5248869182027,15.4876698691939,66.2569234882921,-2.21240297508308,16.1830274604324,16.2945535916071,62.324560398283,6.27933809110186,14.7565947260678,16.0040132452387,57.5720488432194,0.269584001502494,102.912453159336,102.66321140997,412.729616696441,0.949377458489473,51.9334233733275,51.8181245975051,214.463542512587,0.0864384711038712,61.8335125320795,61.6830758421858,248.206380948511,7.04756978709067,7.38627151694757,10.1960772668162,25.1637062785689,-1.60871462487857,3.93676990007426,4.24447948513334,15.4064453696984,4.40282440875274,7.43878854419694,8.62852414700839,28.1443905420384,128.971145438648,28.9952746232332,54.9317843277716,62.0526332516773,85.3439763041886,0.153962074024774,0.222043804241427,0.919172597401917,3.81157708431196,1.30001854543275,4.02705103993678,4.7748938983201,0.136503145079016,0.173821304787023,8.46845662455186,2,29
1.47229618069218,469.636725727583,468.596979428501,1904.13335431216,-13.312719284737,140.256959522931,140.589739900463,635.777331695623,-6.17338011040838,249.221726386929,248.747402706839,1102.83946118239,0.190848007321729,19.5401334125961,19.4977518633267,76.8466837286883,-2.53826089390203,17.774334649958,17.915618510228,63.2912385245166,6.65819171361152,13.5250059773416,15.0486581468794,57.9888714873234,-2.90314346371681,97.0593335978067,96.8886787477572,403.16674110768,-0.718157643768305,56.7491491197259,56.6284201439072,228.237783214228,-1.13279798914332,67.2586316902455,67.1191666816049,270.444483920738,6.91629822924755,7.35717408278699,10.0857975296937,27.7070170747541,-1.66463761410976,3.72214822425118,4.06992054598333,15.4092975285537,4.49351128489024,7.6273951654299,8.83803517545637,27.7630161579893,139.522005246284,31.8581132470664,57.3653896503277,65.543047045469,93.6127410841584,0.154416556837886,0.209714103599089,0.963871225371278,4.27124886952816,1.8283767206698,4.64593037738246,6.4897107293809,0.180156924685181,0.168455780713861,8.82975203571155,2,29
-5.9647704257011,491.669119646715,490.29566366213,2050.33442626279,17.7579580346455,120.172153825044,121.201864854912,556.32759968328,7.35237779691369,266.473571816955,265.81423321591,1078.5932373721,0.543662215352565,21.9989104652285,21.9435355775444,82.3436596763307,-2.18899745669255,18.4582212075372,18.5446608831344,62.1428371340897,6.91300234859126,12.9020841096792,14.6096728066369,54.574735474998,-2.47765795740183,101.468773637305,101.208727207809,408.193103378266,2.71871002786168,58.2969043200827,58.1948502570431,250.667537964918,-0.51405695404805,72.3938278375413,72.1907341337036,311.588547588109,6.66905253175986,7.53535418536371,10.0468242507251,28.5789627818731,-1.73516888633568,3.5413817981307,3.93448889452236,13.8876707793782,4.47484242548326,7.83359512860216,9.00369108900993,29.0505621554172,147.391431069659,38.7155422839504,53.4195584031904,66.0118884641098,109.285200390023,0.213327068849737,0.233420469447457,2.90171755942496,3.42391641506665,1.14027928660668,3.60866987520473,3.69584244564735,0.195968290529723,0.206067204284035,8.40984141735613,2,29
3.09307078225638,546.983421929062,545.622389566462,2263.48368726652,-0.625157673390092,137.338934979722,136.992778596435,640.820047303888,-2.25383767094244,275.775196697741,275.094946025228,1193.36341765471,1.74052185620852,26.319977743602,26.3119151932802,101.28517768695,-4.84518827105417,17.382049241739,18.0033109002204,67.5430943377002,5.46432221773868,14.3893589362926,15.3599187033929,67.5561327781798,0.238222133793239,99.5317008921726,99.2802273101859,390.134719628067,0.0079159617263275,54.4707905611752,54.3328215242787,231.658280209518,-3.52027383851347,65.4228326776307,65.354928658717,271.549567565371,7.13906042788883,7.42384917411859,10.2858480041463,28.1480830691263,-1.63293990867168,3.55050444652653,3.9011486008518,15.0769191591227,4.24032937086296,9.19855156563184,10.1075800568213,34.083094592358,160.594578839988,36.6905092795621,52.1992192960282,63.7225530508398,104.746534568198,0.186064797753042,0.208486299460859,1.98126915667796,6.84630175076927,4.54478043783695,8.21666353559563,14.1484245829665,0.376521615543728,0.237742650835395,8.32295599142829,2,29
-9.30877272456794,467.172860043737,466.184252535586,2002.9905899789,-4.34706654392177,149.953590708097,149.652885893058,692.25678597532,-10.1695207738174,266.402999981839,265.943428054897,1143.96923217475,1.11167889854139,30.0423990125559,29.9888538767149,107.823853724996,-4.57210077504128,19.3862634535821,19.8732287575711,81.806740771865,5.63838567559239,17.5507905758778,18.3948275807225,78.3191616690216,-1.26204596888323,100.127138588418,99.9007929265182,402.179546654216,-0.998310689588824,49.9509696848038,49.8381943377565,201.112235057658,-0.848642849246481,75.5593148021812,75.4003490330143,273.735047506901,6.97160356344444,7.14515355294251,9.9702026564193,26.0222060939425,-1.46785161578153,3.89199885471464,4.15076904281945,16.1625730547385,4.28848316904315,9.68312733751262,10.5686441866524,33.8936297541288,149.489944622559,41.4493060964543,48.4243209444734,63.626227802563,117.989321666775,0.256360983010555,0.259114407691225,0.957646253917831,8.61202073807736,3.8443752018719,9.43063452377278,13.9828913993261,0.145172028911921,0.192223616670509,40.6680629684632,2,29
6.0749354498087,561.071147351283,559.821091532054,2244.75053800552,-5.37606312087831,144.110290487298,143.913962079212,682.735915421478,-6.45283838512536,287.37033734519,286.787402051463,1249.48555505927,1.4076161206652,29.3199312228754,29.2882777498878,106.653348103441,-4.18526416155288,19.8262369904784,20.2191501989087,84.3840737486787,4.99953444047586,18.9571054045055,19.5752654747775,82.2884500299215,1.0281417725633,99.2996887061775,99.1004108905807,408.02460106383,0.0245278189655772,48.7994459637337,48.6939693074416,200.355372949489,1.93255529483124,76.2773532368265,76.1622519758335,278.323884399869,7.12690565681254,7.37152732339735,10.2411851281935,27.6286845690562,-1.55561148134979,3.91077996987945,4.2004122612695,16.17693571183,4.24917126595442,9.59782993667128,10.4794748473852,33.4352470809939,151.763334304867,37.7675337888607,50.0104515417836,62.5678669590581,112.848519381386,0.220248374746146,0.231336101310244,0.872141305105632,6.51178528522565,3.86613206004222,7.57246042970944,10.793308248412,0.241268478879639,0.18917457054182,37.3423798282888,3,29
-10.3407738231646,684.434924372419,683.108110938711,2795.45120391421,2.70566183373313,143.744779173153,143.494739153299,686.584542999845,-3.48454807235047,329.959732860878,329.240084812825,1439.08698432678,1.67666690828347,31.48721561478,31.4721620195037,112.137845856093,-5.07381871961917,22.3127067713271,22.8336283272258,96.6235022982799,4.82813637891446,22.8634406682361,23.3190431920017,99.0355119243151,-2.85261213929263,91.4606436807783,91.3010260327234,360.101261775215,0.962543493563056,47.7465362645782,47.6590862798662,184.120193478969,-2.24253590300996,78.3839113479297,78.2409458347186,278.820656366735,6.81581798399666,7.09081837944635,9.82420177257621,27.786571934247,-1.61369640864196,4.21300204060488,4.50297166265933,17.0252492455784,4.38986768418195,8.91179123504598,9.91708751404368,31.5243006481024,148.703002040222,38.0186332472963,48.9823671269191,61.9241037750077,112.208087378013,0.232388310063865,0.241851379599992,0.865317912460111,6.92162664861441,3.73920609179694,7.86653065123648,12.2491227612454,0.234910876613773,0.195660608323432,6.65502889947374,3,29
-13.5748852516642,754.389679675366,753.171240081911,2900.41595947699,3.79110348480853,134.715587942591,134.56805614254,634.1159757187,1.22315638638647,347.821971402401,347.111463275996,1471.27473810297,1.04578414601896,31.8574278776587,31.8104304950733,113.809720259241,-5.18293459352799,22.9176019338177,23.4439810029663,99.2677591453712,4.64352237240848,23.5313445412647,23.948854230518,98.3278709398108,-0.292995582265512,87.376309492565,87.2157222996909,344.920466542146,1.102307934749,45.6836151940619,45.639273668669,187.324351348061,-0.309161556490283,73.0340405501147,72.8983560696738,268.249614260191,6.67441297881763,6.86008674780962,9.55988370698278,27.5978201357317,-1.74766213580896,4.35320753404207,4.68598797815518,17.0626328991429,4.45678719605754,8.98724198464333,10.0162589281426,31.2093408202506,146.604488487321,38.447771726956,42.7874909249273,57.4388010929378,111.95592006367,0.277827299592965,0.277158318089979,0.866311785179712,7.37187302348702,4.35194938071672,8.55996322240971,12.5942981178516,0.214375889531757,0.200561329676502,7.76636750573463,3,29
6.10740304041911,670.120548808572,668.78886078231,2631.42781590058,-2.18838312928147,122.139960836217,121.883257142384,590.741818255649,1.48056674437122,340.479320701419,339.930196319276,1489.93967232417,1.01881338386967,31.2335122154342,31.2036528953822,107.338375542738,-4.96296441739051,24.6790000277319,25.1247716431984,106.969606682201,4.34284108484375,24.8248393685717,25.1578733898486,102.77418286922,0.531416460578258,76.763500222997,76.6610623677819,320.782645769043,1.70445276532562,51.2819275457931,51.266217979243,201.246716136107,1.05858381833837,70.8676761608157,70.7352609645356,257.979342618157,6.46426471527974,7.00599635497686,9.52302002409578,29.0055642563372,-2.00345191188533,4.54250066784747,4.95678081354043,17.3142340552859,4.88044577833961,8.86178927653339,10.0992639474281,32.1790748309717,164.208685514427,38.3923906394959,43.4898611536611,57.9323606085706,112.604391567878,0.247064247548716,0.245963495853377,0.87725926287237,7.23274276680499,3.50060731032014,8.03490088473598,12.8679949223551,0.177275661005855,0.185297939659397,7.55359528735854,3,29
8.44629574043087,652.556935419624,651.406509679236,2358.05896743543,-0.438628500287806,110.540217248527,110.277994201848,539.855652103302,-0.796024754894772,330.792849456662,330.255708134969,1452.94957974662,0.536574416690933,31.6248901131117,31.5708638096207,102.059436953283,-4.71748946872155,25.8515060569285,26.2194162981068,113.822020194304,4.40449338249351,26.7539715788784,27.0784298659993,114.177827011471,-1.78092600976254,60.8848142574963,60.7866794302376,257.688418669808,-0.475424456093577,57.10036712805,56.9741160364457,205.599485341889,-0.822118897628694,67.4385198199288,67.2840168267391,240.827477870715,6.32059248195032,7.22300579116015,9.58507825847671,30.2699873944759,-2.01453626285187,5.07520909639258,5.44934707117617,19.1346244445293,5.1269447762192,8.61982297706112,10.0140821308539,32.3170989469933,168.172544447683,37.0242223675924,54.080638616269,65.5274720727014,109.04026097769,0.174600731948856,0.197203732850517,0.872072831594766,11.583553983964,4.77377601433552,12.528120307946,18.117030642426,0.171103307122688,0.182148805969114,7.93929849434304,3,29
2.80083547114821,750.026821548258,748.670379908376,2549.14163756698,3.67356775654031,124.403516957153,124.213466961299,620.547669319473,5.95381854247941,331.578471229941,330.886021344672,1460.00626319635,2.18356219382665,33.4273044754391,33.4221648496377,106.533863019979,-5.20551814917794,27.9134672907852,28.3293740007183,123.244941874531,4.17356316684852,29.9823656420211,30.2036934858434,124.841641519283,-1.96786056647133,73.1217122967265,72.9856714367113,297.463146621733,0.509355371488834,57.556559798935,57.4207366831351,210.051003938608,-3.2995920308686,68.9560616000907,68.9150974830573,233.426470886794,6.51771664585254,7.52679810510935,9.94305421604178,30.0012732852026,-1.69348096165774,5.48056437112914,5.73521734704167,20.617135872264,5.21852963713665,8.26273573409132,9.75603956818083,31.0429988413107,168.434858641795,36.1516663000881,54.9358176525072,65.6836778567809,107.812789202494,0.164350395261848,0.190535416950687,0.878504159070329,10.7099631119385,5.53703471620423,12.0558595147754,17.4411314988444,0.167965697125217,0.193778200594814,7.42530363702745,3,29
-1.6361149827804,691.606241850467,690.236564318035,2468.69596597367,-1.69272511708927,118.253481498665,118.211616532448,568.228454401502,-9.47230640916434,323.661293792909,323.201811096215,1452.3700767419,1.57921021496952,32.7924566031513,32.768935179061,107.296917376524,-4.21838078139693,28.2544936660727,28.5161035897931,124.622840189975,4.59096087038658,28.3547926003605,28.6637326276072,118.033742057882,-4.23475975577823,84.3194437686613,84.2449081084937,324.329254304046,-0.0809714884004632,51.6979023023054,51.5871799912706,206.519413878514,-2.65021321343219,67.3329468273088,67.2752182343638,242.805714024687,6.78011585855933,7.36352293854457,10.0015209899845,28.8236372665107,-1.67511322493779,5.47347599725982,5.71790728417635,20.8425582846301,4.73110498028617,8.37827692796078,9.61430217930495,30.9814737002943,157.534246575342,37.0853190845057,48.5079013577952,60.9787229780384,105.699049975821,0.211636863162177,0.225309449523633,0.880250473308235,8.77159477649841,4.15342289491118,9.70479098952209,17.8285645088589,0.453271141478208,0.160372780297358,7.9938107746724,3,29
-12.8713569565879,612.149590689347,611.208001060603,2248.23015470196,-4.24798520455047,113.811198181684,113.671488299848,529.255324224472,-15.9903395487919,304.836888946076,304.620563008032,1359.37803516321,1.03434531087495,32.1311837817173,32.0808198085897,104.80087092708,-4.90847071056062,27.6257167676224,28.0167944923297,121.599144352344,5.37992333121417,28.1412387388953,28.5961431216558,117.656849637749,-1.40139121501397,82.8454042375302,82.7145682250699,305.450457812247,-0.503723019734027,48.0629389473167,47.9651453670329,193.793735788536,-3.40460329125619,64.6699096795528,64.6494520309982,253.009384643493,6.67381651448847,7.17414297296805,9.78803942503789,28.4451150413173,-1.54111751006823,5.26422094362892,5.47750385336641,20.2493092427771,4.63434392542487,8.65326441995857,9.80040276015054,31.8929421801191,158.933255610609,34.9846162454327,53.3477279238754,63.7182383529767,100.79538788365,0.172648094613777,0.201622126999234,0.88106322648035,7.88238021076767,3.55127581307693,8.64504531123676,15.0804212587551,0.240392127222851,0.162842674038754,7.51209883324372,3,29
14.6711358494615,637.339353022537,636.561069396325,2533.71334456715,-0.0617010908882294,116.796927617057,116.563688667768,551.090633628402,-0.441761176014784,313.66374737887,313.143900594305,1384.24728967028,2.07177902861667,31.9240570731573,31.9296130621777,103.590104027402,-4.29932520193483,27.1649940949361,27.4551121312723,120.259648318627,4.01003026659151,29.472189185164,29.7024959734751,121.017813259991,1.32270777458395,85.0483591273039,84.8827259438562,320.297811434141,-0.589746055004303,47.3600184206971,47.2643191497596,175.150778585352,0.590274946035172,65.2921821386699,65.2294852587146,261.854601469869,7.03558858578265,6.93412915935315,9.87246485179672,26.2509899792447,-1.18543073877874,5.45618069894679,5.57438767021903,20.5793447674344,4.48576544662146,8.24689507594792,9.37274094369947,31.588372359525,171.320314777033,35.7844187612071,56.582040772229,66.8724868124395,106.861196620004,0.154005026087825,0.183625672975122,0.92848836904422,9.70605147137476,4.90571509635667,10.8747807301386,14.1261111675362,0.15665853393297,0.168517539755657,7.20970504381677,3,29
3.69350205224404,675.00939881753,673.634436128589,2645.11305221698,2.64779053890175,122.781604106837,122.541637196308,552.328899017373,1.70930958452268,325.174843323118,324.46513885836,1419.62036097124,2.04655284155284,31.3404556441475,31.3385726413112,105.221844480945,-4.57061921335922,26.5596859757491,26.8948792851844,116.956237187568,4.18941600739908,29.732475322351,29.9635754983796,129.813056266472,-0.774907246205777,89.7837486024591,89.59706253969,346.520972064318,0.409958809507771,53.8028764546281,53.6877928061597,190.292568418061,0.785565766536438,71.8060299371721,71.656483041867,280.524733027446,7.05564946921854,6.98642524593517,9.91896022675254,24.7974075913256,-1.04798211656091,5.55669175543224,5.64269087581991,21.1937812750678,4.40664884798018,7.77268739692995,8.92034364542829,31.1517883290681,169.921305741766,36.038263726494,56.0651780906341,66.5705813117038,106.802845542339,0.158402099991762,0.187263333136901,0.942411009512715,9.56209446018137,4.12244664068074,10.4124293671441,13.9489712945948,0.177220487500558,0.170249835002739,8.19359974826974,3,29
-5.33295540318517,683.843388469811,682.337261916703,2655.23096678575,2.54660765131589,131.953150161369,131.683168688026,581.966709639444,-3.65525877739328,316.475954208528,315.794934498881,1395.63140531101,1.65863144123152,31.9481740172056,31.9201733996679,107.867960324434,-4.60613832606651,25.7516857053676,26.103741914537,114.05151711932,4.99253718447538,31.4198853411131,31.7450106412365,136.187121993455,-0.957583054602488,88.5185367710541,88.3260412156897,343.123827554007,1.72311282055558,67.540240916874,67.4120846407663,218.06908295436,0.889997696981069,74.9910837125537,74.8290094143358,303.131197214552,6.67068490465822,7.2809595806432,9.86415239283223,26.0584692565288,-1.35217659010585,5.67556376849865,5.82312207494892,21.9453251333766,4.82077328429366,7.8724814000864,9.21680632805763,32.8778537504618,170.445934129991,37.6147305718283,58.0808504402225,69.1156016956833,115.083052300365,0.160026768947392,0.186885386613606,0.968657087576784,9.38418159447969,5.3078825793651,10.780569578219,17.2329186964392,0.186001210082169,0.18948691681386,6.93281640746506,3,29
10.340029625953,726.519225482133,725.027781383471,2957.52104312163,2.18061625287858,108.216264486513,108.003227572445,491.323864097788,2.57239834390488,345.832950227355,345.096606683203,1482.86999553352,2.90133991288303,33.0573869398731,33.1144848502167,108.257840253638,-4.42116303083109,24.0038834963842,24.3564085294432,104.433018831888,3.80306294818882,28.0495394137872,28.2464777125018,126.448018131581,-3.10823846786614,75.9660161949699,75.8676018897376,299.151509460779,-0.944180325867952,72.1621673524436,72.0155098590224,237.579437022901,-4.18787286217726,72.3084783159344,72.2857534170983,299.602205822641,6.94532054803408,7.46683817149921,10.1858066505469,25.5868444172812,-1.18605773923968,5.67728869018274,5.78803748853674,22.7858970930897,4.9191275934849,8.07205131207594,9.43787297729065,32.6060837567009,177.674147478869,39.284139445767,56.6395040874489,68.8498045420654,120.661763137885,0.166944199235869,0.186836271102895,1.13327421531736,7.88599316282173,4.62013124726492,9.13908810922754,15.9184236724139,0.24965928300579,0.186353061135306,6.63868335339248,3,29
-19.5087084320435,746.26045612433,745.084910408196,3026.01479007632,-3.29130838524757,91.6009648102115,91.4845399418163,411.492127862601,-9.68489514784595,358.185634861631,357.629958230015,1478.36975190838,3.14140934719156,32.6575043518092,32.7459125394161,113.791741472172,-4.58429233418399,23.8427518304378,24.2345719781795,102.26211849192,4.9548598930138,24.6858311088733,25.131774022585,115.92579293836,-1.67278212833786,77.8317284108685,77.7004907981853,345.697280534353,1.35500113333918,71.2931990633803,71.1693911515484,250.892414122137,-2.93564370009653,67.3891107496637,67.3239234181185,298.287929389312,6.82834744606552,7.64630595923419,10.240523229963,26.0478755236377,-0.99019789925504,5.5001357399152,5.57817881867639,21.8647516457209,4.45932070868615,7.48508891886911,8.70042735569477,31.9281867145425,186.301369863014,37.9564493310793,57.1548890786822,68.533622340314,108.438738444724,0.150967576713332,0.173389309643898,3.21089247420822,9.69443290401547,5.67995995695904,11.2351431450286,19.1814049141033,0.216427138874178,0.16554492465052,45.1843007164434,3,29
