0,1.28480,1.28480,0.99926,0.99926,0.92684,0.98219,0.98219,1.1494,1.06290,0.96060,1
1,1.13840,1.13840,0.96024,0.96024,0.94873,0.94077,0.94077,1.2150,1.01810,0.89024,1
2,0.96528,0.96528,0.94021,0.94021,0.95089,0.92409,0.92409,1.0712,0.85533,0.95366,1
3,1.41930,1.41930,1.01720,1.01720,0.87146,1.01930,1.01930,1.3106,1.06020,1.10530,2
4,1.16110,1.16110,1.01600,1.01600,0.87461,1.01060,1.01060,1.2767,1.04280,1.15170,2
5,1.31260,1.31260,0.98798,0.98798,0.89651,0.91859,0.91859,1.3720,1.10990,1.13050,2
6,1.01840,1.01840,1.00460,1.00460,0.94410,0.96778,0.96777,1.4595,1.04130,1.02920,3
7,1.29900,1.29900,0.99025,0.99025,0.94800,0.96471,0.96470,1.3624,0.77534,1.04770,3
8,1.30810,1.30810,0.93549,0.93549,0.94881,0.79565,0.79565,1.3071,1.04550,1.10830,3
9,1.23640,1.23640,0.87292,0.87292,0.96888,0.73967,0.73967,1.4149,1.01780,0.98076,3
10,1.02470,1.02470,0.91493,0.91493,0.89958,1.02270,1.02270,1.1527,1.08470,0.87638,1
11,1.37290,1.37290,0.88354,0.88354,0.80102,1.15910,1.15910,1.3455,1.20170,1.29700,2
12,1.15640,1.15640,0.66097,0.66097,0.78686,1.20520,1.20520,1.3050,1.25450,1.28660,2
13,1.17460,1.17460,1.11810,1.11810,0.81813,1.12800,1.12800,1.2629,1.17330,0.98823,2
14,1.42140,1.42140,0.85836,0.85836,0.79349,1.21210,1.21210,1.3375,1.23670,1.04570,3
15,1.44050,1.44050,0.98964,0.98964,0.77857,1.21830,1.21830,1.6020,1.28550,1.03640,3
16,1.54430,1.54430,0.94218,0.94218,0.79407,1.17500,1.17500,1.3477,1.21770,1.14530,3
17,1.50260,1.50260,1.08340,1.08340,0.79737,1.16680,1.16680,1.4003,1.18090,1.15650,3
18,1.57170,1.57170,0.64949,0.64949,0.81897,1.11520,1.11520,1.4404,1.17910,1.03600,3
19,1.32590,1.32590,0.67951,0.67951,0.81730,1.13090,1.13090,1.4477,1.20370,0.99731,3
20,1.30870,1.30870,0.67415,0.67415,0.80438,1.13910,1.13910,1.4976,1.22200,1.18230,3
21,1.02900,1.02900,0.69755,0.69755,0.89858,1.00320,1.00320,1.1183,1.11190,1.00420,1
22,1.42550,1.42550,0.78894,0.78894,0.89636,1.01200,1.01200,1.1223,1.07000,1.01940,1
23,1.39430,1.39430,0.98272,0.98272,0.80593,1.13970,1.13970,1.2307,1.17390,1.04800,2
24,1.52910,1.52910,1.03720,1.03720,0.80136,1.15110,1.15110,1.2311,1.17000,1.09950,2
25,1.57480,1.57480,1.08860,1.08860,0.76449,1.23780,1.23780,1.33390,1.3150,1.17800,3
26,1.48560,1.48560,1.14650,1.14650,0.74891,1.28250,1.28250,1.33690,1.3275,1.21520,3
27,1.46030,1.46030,1.18780,1.18780,0.73997,1.30260,1.30260,1.34140,1.3271,1.22340,3
28,1.17730,1.17730,1.03590,1.03590,0.90214,1.03240,1.03240,1.17520,1.0256,0.98512,1
29,1.13040,1.13040,1.09550,1.09550,0.80908,1.12500,1.12500,1.34480,1.1707,1.04850,2
30,1.49260,1.49260,1.14920,1.14920,0.80946,1.10860,1.10860,1.38430,1.1802,1.03090,2
31,1.26650,1.26650,1.04580,1.04580,0.81767,1.10640,1.10640,1.39970,1.1346,1.01570,2
32,1.30590,1.30590,1.11080,1.11080,0.81790,1.10590,1.10590,1.41120,1.1508,1.00910,2
33,1.27610,1.27610,1.06240,1.06240,0.82170,1.10350,1.10350,1.41520,1.2003,1.01970,2
34,1.26400,1.26400,1.07420,1.07420,0.80975,1.15490,1.15490,1.50950,1.1897,1.03260,3
35,0.98330,0.98330,1.02420,1.02420,0.80475,1.14030,1.14030,1.61450,1.2306,1.00290,3
36,1.26570,1.26570,1.04900,1.04900,0.80476,1.13710,1.13710,1.61470,1.2333,1.03960,3
37,1.44720,1.44720,1.16700,1.16700,0.80382,1.13700,1.13690,1.75010,1.1797,1.05090,3
38,1.51550,1.51550,1.06890,1.06890,0.79629,1.13570,1.13570,1.61300,1.2113,1.03490,3
39,1.19810,1.19810,0.92436,0.92436,0.93656,0.90595,0.90595,1.22560,1.0519,0.99453,1
40,1.18530,1.18530,0.89063,0.89063,0.93011,0.93077,0.93077,1.06810,1.0365,0.93976,1
41,1.20550,1.20550,1.04920,1.04920,0.92786,0.93341,0.93341,1.01120,1.0450,0.98403,1
42,1.16330,1.16330,1.06850,1.06850,0.92362,0.93984,0.93984,0.96855,1.0202,0.99150,1
43,0.96099,0.96099,0.96634,0.96634,0.83961,1.04590,1.04600,1.00310,1.0792,1.08550,2
44,1.30990,1.30990,1.00610,1.00610,0.83864,1.05460,1.05460,0.98409,1.1184,1.07390,2
45,1.29590,1.29590,1.10340,1.10340,0.83711,1.05670,1.05670,0.94490,1.0168,1.06490,2
46,1.59140,1.59140,1.11870,1.11870,0.81187,1.12270,1.12270,0.93410,1.1745,1.11020,3
47,1.37330,1.37330,1.17500,1.17500,0.80743,1.15420,1.15420,0.96866,1.1566,1.16190,3
48,1.63510,1.63510,0.93716,0.93716,0.80053,1.15750,1.15710,0.95662,1.2135,1.18610,3
49,1.35650,1.35650,1.03430,1.03430,0.79461,1.16600,1.16600,1.03510,1.1819,1.15290,3
50,1.29990,1.29990,1.18030,1.18030,0.89432,1.01330,1.01330,1.1560,1.11240,1.03600,1
51,1.06680,1.06680,1.15890,1.15890,0.89402,1.02040,1.02040,1.1901,1.12290,1.07890,1
52,1.33100,1.33100,1.10400,1.10400,0.79150,1.17370,1.17370,1.3688,1.26790,1.21350,3
53,1.21650,1.21650,1.09810,1.09810,0.81153,1.12910,1.12910,1.3298,1.16690,1.12880,2
54,1.20660,1.20660,1.11180,1.11180,0.80777,1.13200,1.13200,1.3509,1.19410,1.12480,2
55,0.91827,0.91827,1.09810,1.09810,0.80731,1.13280,1.13280,1.3658,1.18540,1.13390,2
56,1.18560,1.18560,1.08230,1.08230,0.80509,1.13850,1.13850,1.4032,1.22310,1.18290,2
57,1.36760,1.36760,1.07220,1.07220,0.79852,1.15560,1.15560,1.4379,1.18350,1.21040,2
58,0.93692,0.93692,1.05920,1.05920,0.79599,1.16370,1.16370,1.4416,1.17700,1.23750,2
59,1.22620,1.22620,1.08370,1.08370,0.77101,1.21930,1.21930,1.5412,1.22150,1.15540,3
60,1.57820,1.57820,1.02350,1.02350,0.76353,1.23890,1.23890,1.5456,1.31150,1.17490,3
61,0.97250,0.97250,0.91514,0.91514,0.90487,1.00190,1.00190,1.1070,1.05150,1.01190,1
62,1.16800,1.16800,1.00210,1.00210,0.89877,1.00830,1.00830,1.0477,1.10090,1.01650,1
63,0.95894,0.95894,1.08020,1.08020,0.89517,1.00880,1.00880,1.0723,1.08200,1.00030,1
64,1.13960,1.13960,1.05870,1.05870,0.89348,1.02060,1.02060,1.0576,1.09870,1.00230,1
65,1.16830,1.16830,1.14180,1.14180,0.80716,1.13820,1.13820,1.1959,1.19970,1.13040,2
66,1.22690,1.22690,1.16450,1.16450,0.80566,1.14080,1.14080,1.1744,1.17120,1.14510,2
67,1.49580,1.49580,1.07580,1.07580,0.80397,1.14160,1.14160,1.1279,1.21430,1.15230,2
68,1.39490,1.39490,1.22170,1.22170,0.78106,1.19930,1.19930,1.0580,1.31620,1.21680,3
69,1.40040,1.40040,1.17840,1.17840,0.78079,1.20270,1.20270,1.0674,1.23900,1.20520,3
70,1.38920,1.38920,1.10990,1.10990,0.78056,1.20290,1.20290,1.3560,1.21460,1.18820,3
71,1.43970,1.43970,1.16690,1.16690,0.77001,1.23180,1.23180,1.3169,1.22540,1.13340,3
72,1.15800,1.15800,0.99509,0.99509,0.91577,0.99562,0.99562,1.1462,0.99651,0.99375,1
73,0.96021,0.96021,0.98928,0.98928,0.91323,0.99363,0.99363,1.2177,1.03310,0.98148,1
74,1.10680,1.10680,0.97276,0.97276,0.91288,0.99207,0.99207,1.1975,1.07630,1.00130,1
75,1.14000,1.14000,0.96163,0.96163,0.90853,0.98845,0.98845,1.0899,1.0036,1.01250,1
76,1.18950,1.18950,1.04630,1.04630,0.82390,1.08200,1.08200,1.2398,1.1022,1.11080,2
77,1.20470,1.20470,1.03350,1.03350,0.82255,1.08100,1.08100,1.2095,1.1298,1.10600,2
78,1.26450,1.26450,1.03210,1.03210,0.82212,1.07140,1.07140,1.2088,1.0574,1.08680,2
79,1.25050,1.25050,1.00880,1.00880,0.82016,1.06250,1.06250,1.2192,1.1622,1.09840,2
80,1.14070,1.14070,0.99061,0.99061,0.81840,1.06190,1.06190,1.2139,1.1545,1.08020,2
81,1.27970,1.27970,1.01650,1.01650,0.79622,1.11060,1.11060,1.1048,1.1738,1.13170,3
82,0.98947,0.98947,1.00500,1.00500,0.79361,1.10350,1.10350,1.3459,1.1873,1.13010,3
83,1.18420,1.18420,0.85017,0.85017,0.89678,1.02140,1.02140,1.1270,1.1077,0.93434,1
84,1.38740,1.38740,1.03130,1.03130,0.86010,1.10220,1.10220,1.1058,1.1941,1.05880,1
85,0.94908,0.94908,0.55657,0.55657,0.86282,1.14940,1.14940,1.1129,1.2370,1.13270,1
86,1.37520,1.37520,0.91996,0.91996,0.74811,1.28230,1.28230,1.2519,1.3221,1.22430,2
87,1.39780,1.39780,0.96147,0.96147,0.80520,1.15450,1.15450,1.2457,1.2488,1.10350,2
88,1.37090,1.37090,1.16430,1.16430,0.77182,1.23540,1.23540,1.4003,1.2672,1.27670,2
89,1.21830,1.21830,0.68698,0.68698,0.78222,1.21730,1.21730,1.2159,1.2551,1.14190,2
90,1.00240,1.00240,0.98638,0.98638,0.77373,1.22560,1.22560,1.1058,1.3193,1.25210,3
91,1.26180,1.26180,1.04350,1.04350,0.72294,1.34480,1.34480,1.3617,1.3731,1.19770,3
92,1.64740,1.64740,1.17000,1.17000,0.75643,1.27010,1.27010,1.3195,1.3308,1.29470,3
93,1.49310,1.49310,1.10190,1.10190,0.73460,1.32990,1.32990,1.4020,1.4082,1.21440,3
94,1.49390,1.49390,1.07420,1.07420,0.73679,1.33630,1.33630,1.3833,1.4069,1.20380,3
95,1.06520,1.06520,0.65936,0.65936,0.88757,1.02640,1.02640,1.2100,1.0488,1.06890,1
96,1.39140,1.39140,1.16790,1.16790,0.73920,1.28720,1.28720,1.5892,1.3169,1.32740,3
97,1.31380,1.31380,0.96078,0.96078,0.72221,1.33260,1.33260,1.4260,1.3561,1.23990,3
98,1.13790,1.13790,0.90530,0.90530,0.81897,1.18920,1.18920,1.1343,1.2660,1.23640,1
99,1.37810,1.37810,1.05140,1.05140,0.76467,1.20460,1.20460,1.2740,1.3148,1.27870,2
100,1.20040,1.20040,0.84960,0.84960,0.75976,1.21610,1.21610,1.25950,1.28810,1.26610,2
101,1.41690,1.41690,0.89046,0.89046,0.75942,1.23470,1.23470,1.23630,1.30550,1.31630,2
102,0.94611,0.94611,0.71912,0.71912,0.75754,1.25170,1.25170,1.22810,1.30080,1.29300,2
103,1.15760,1.15760,0.85525,0.85525,0.75055,1.25680,1.25680,1.27530,1.26530,1.28550,2
104,1.52160,1.52160,0.71330,0.71330,0.74545,1.26830,1.26830,1.31840,1.40860,1.21840,3
105,1.56460,1.56460,1.00870,1.00870,0.74376,1.28110,1.28110,1.34620,1.28920,1.29620,3
106,1.80430,1.80430,1.04780,1.04780,0.89862,0.97302,0.97302,1.22050,0.99732,1.07700,1
107,2.11940,2.11940,1.03760,1.03760,1.00690,0.71095,0.71095,1.04620,0.74146,0.88653,1
108,1.65120,1.65120,0.93827,0.93827,1.01570,0.69200,0.69200,1.00850,0.69064,0.79573,1
109,1.27120,1.27120,0.87859,0.87859,1.02370,0.66617,0.66617,1.04480,0.69665,1.01930,1
110,1.67890,1.67890,0.95619,0.95619,0.99232,0.62983,0.62983,1.27150,0.64372,0.99311,2
111,1.96900,1.96900,0.91449,0.91449,1.00610,0.60310,0.60310,1.16290,0.71243,0.94628,2
112,1.73860,1.73860,0.87875,0.87875,1.00790,0.60269,0.60269,0.94636,0.62741,0.95909,2
113,1.60710,1.60710,0.87639,0.87639,1.00900,0.60012,0.60012,0.99980,0.56729,0.74137,2
114,1.62380,1.62380,0.69313,0.69313,1.01670,0.57777,0.57777,1.00350,0.66066,0.91289,2
115,1.97090,1.97090,0.67472,0.67472,1.02690,0.55028,0.55028,0.96901,0.65126,0.78050,2
116,1.63250,1.63250,0.57941,0.57941,1.02650,0.54682,0.54682,1.00580,0.63756,0.73618,3
117,0.96996,0.96996,0.85813,0.85813,0.90268,0.98856,0.98856,1.10770,1.02070,0.98163,1
118,1.23380,1.23380,0.86625,0.86625,0.89743,1.01640,1.01640,1.11880,1.17610,1.03900,1
119,1.34380,1.34380,0.87316,0.87316,0.89060,1.01690,1.01690,1.11980,1.19410,1.06460,1
120,1.38750,1.38750,0.97557,0.97557,0.88569,1.03180,1.03180,1.13140,1.12810,1.03120,1
121,1.16690,1.16690,0.97641,0.97641,0.87844,1.06490,1.06490,1.15140,1.12390,0.98996,1
122,1.41800,1.41800,0.99986,0.99986,0.87203,1.06720,1.06720,1.16860,1.13670,0.99413,1
123,1.30410,1.30410,1.11740,1.11740,0.79035,1.17230,1.17230,1.28020,1.21590,1.16160,2
124,1.22470,1.22470,1.05980,1.05980,0.86950,1.07640,1.07640,1.20330,1.10290,1.03370,1
125,0.98634,0.98634,1.1728,1.1728,0.78817,1.1809,1.1809,1.3373,1.2778,1.1369,2
126,1.15700,1.15700,1.0880,1.0880,0.77900,1.1923,1.1923,1.3429,1.2011,1.1378,2
127,1.15890,1.15890,1.1717,1.1717,0.77251,1.2009,1.2009,1.3678,1.1279,1.1074,2
128,1.58790,1.58790,1.2462,1.2462,0.90659,1.0013,1.0013,1.0706,1.0407,1.0549,1
129,1.62220,1.62220,1.1592,1.1592,0.82257,1.1091,1.1091,1.2395,1.1321,1.1450,2
130,1.43230,1.43230,1.1518,1.1518,0.81855,1.1092,1.1092,1.2689,1.2021,1.2419,2
131,1.86030,1.86030,1.1408,1.1408,0.81740,1.1192,1.1192,1.4450,1.1993,1.2216,2
132,1.59590,1.59590,1.1273,1.1273,0.81464,1.1250,1.1250,1.4625,1.1393,1.2034,2
133,1.59540,1.59540,1.1227,1.1227,0.79261,1.1796,1.1796,1.6028,1.2120,1.2824,3
134,1.80480,1.80480,1.0986,1.0986,0.80612,1.1331,1.1331,1.4507,1.2214,1.2472,2
135,2.06580,2.06580,1.0837,1.0837,0.77619,1.2169,1.2169,1.6915,1.2944,1.1715,3
136,1.29450,1.29450,1.0831,1.0831,0.77473,1.2218,1.2218,1.7345,1.3124,1.2176,3
137,1.56020,1.56020,1.0730,1.0730,0.77151,1.2225,1.2225,1.7499,1.2445,1.2560,3
138,1.70120,1.70120,1.0110,1.0110,0.76767,1.2272,1.2272,1.7572,1.2353,1.2152,3
139,1.29990,1.29990,1.1803,1.1803,0.89432,1.0133,1.0133,1.1560,1.0801,1.0360,1
140,1.06680,1.06680,1.1589,1.1589,0.89402,1.0204,1.0204,1.1901,1.0520,1.0789,1
141,1.33100,1.33100,1.1040,1.1040,0.79150,1.1737,1.1737,1.3688,1.2821,1.2135,3
142,1.21650,1.21650,1.0981,1.0981,0.81153,1.1291,1.1291,1.3298,1.2297,1.1288,2
143,1.20660,1.20660,1.1118,1.1118,0.80777,1.1320,1.1320,1.3509,1.2164,1.1248,2
144,0.91827,0.91827,1.0981,1.0981,0.80731,1.1328,1.1328,1.3658,1.2158,1.1339,2
145,1.18560,1.18560,1.0823,1.0823,0.80509,1.1385,1.1385,1.4032,1.1666,1.1829,2
146,1.36760,1.36760,1.0722,1.0722,0.79852,1.1556,1.1556,1.4379,1.2304,1.2104,2
147,0.93692,0.93692,1.0592,1.0592,0.79599,1.1637,1.1637,1.4416,1.1820,1.2375,2
148,1.22620,1.22620,1.0837,1.0837,0.77101,1.2193,1.2193,1.5412,1.2527,1.1554,3
149,1.57820,1.57820,1.0235,1.0235,0.76353,1.2389,1.2389,1.5456,1.2673,1.1749,3
150,0.94458,0.94458,0.99322,0.99322,0.87982,1.07540,1.07540,1.1506,1.07220,1.07980,1
151,1.40670,1.40670,0.84785,0.84785,0.88546,1.07230,1.07230,1.2205,1.06540,1.10590,1
152,1.06320,1.06320,0.78901,0.78901,0.88957,1.07200,1.07200,1.2459,1.12090,1.12370,1
153,1.30470,1.30470,0.89799,0.89799,0.80977,1.17060,1.17060,1.3534,1.20260,1.26170,2
154,1.73400,1.73400,0.90869,0.90869,0.81353,1.15050,1.15050,1.3675,1.19920,1.25310,2
155,1.35980,1.35980,0.95016,0.95016,0.81575,1.14880,1.14880,1.3721,1.21260,1.22510,2
156,0.99538,0.99538,0.87834,0.87834,0.81859,1.14150,1.14150,1.3724,1.20140,1.22990,2
157,1.41880,1.41880,0.94854,0.94854,0.81913,1.13030,1.13030,1.3920,1.23580,1.20350,2
158,1.30950,1.30950,1.03090,1.03090,0.84443,1.10160,1.10160,1.3931,1.26510,1.30130,2
159,1.26880,1.26880,1.07850,1.07850,0.84074,1.06550,1.06550,1.4685,1.06160,1.24580,3
160,1.47850,1.47850,0.65893,0.65893,0.84731,1.05060,1.05060,1.4896,1.16090,1.24200,3
161,1.16220,1.16220,0.75467,0.75467,0.90035,1.00790,1.00790,1.1794,1.03030,1.00920,1
162,1.16000,1.16000,0.78277,0.78277,0.90966,1.00770,1.00770,1.2049,1.05930,0.99343,1
163,1.33760,1.33760,0.79836,0.79836,0.90084,1.00680,1.00680,1.2285,1.07350,1.01480,1
164,1.46000,1.46000,0.92518,0.92518,0.82400,1.10490,1.10490,1.3821,1.19440,1.16620,2
165,1.15740,1.15740,0.95220,0.95220,0.82414,1.09980,1.09990,1.4444,1.15170,1.17790,2
166,1.41960,1.41960,0.96817,0.96817,0.81851,1.08330,1.08330,1.4627,1.15070,1.19910,2
167,1.41980,1.41980,0.98262,0.98262,0.83211,1.08240,1.08240,1.4474,1.11640,1.18940,2
168,1.31260,1.31260,1.05290,1.05290,0.80894,1.13110,1.13110,1.6239,1.16280,1.22510,3
169,1.45560,1.45560,1.05470,1.05470,0.80644,1.12850,1.12850,1.6444,1.20570,1.21070,3
170,1.26030,1.26030,1.07140,1.07140,0.80665,1.12500,1.12500,1.7019,1.14220,1.20650,3
171,1.30720,1.30720,1.10550,1.10550,0.80370,1.12380,1.12380,1.7142,1.17720,1.19420,3
172,1.21970,1.21970,0.74441,0.74441,0.90888,0.98751,0.98751,1.1538,1.08630,0.97613,1
173,1.27280,1.27280,0.92358,0.92358,0.91693,0.96417,0.96417,1.1535,1.05280,0.89241,1
174,1.01310,1.01310,0.86392,0.86392,0.92225,0.94622,0.94622,1.1295,0.96495,0.89716,1
175,1.50920,1.50920,0.99433,0.99433,0.86185,0.99375,0.99375,1.22070,1.02670,0.96902,2
176,1.33060,1.33060,1.14600,1.14600,0.86394,0.98700,0.98700,1.21740,1.02080,0.95923,2
177,1.23910,1.23910,0.69800,0.69800,0.86590,0.98208,0.98208,1.20490,1.05150,1.02070,2
178,1.18490,1.18490,0.85717,0.85717,0.86863,0.98168,0.98168,1.19860,0.96863,0.92707,2
179,1.39210,1.39210,1.11310,1.11310,0.84903,1.01310,1.01310,1.09230,1.04350,1.00120,3
180,1.62620,1.62620,1.03630,1.03630,0.85486,1.00810,1.00810,1.08610,1.04720,0.99437,3
181,1.67980,1.67980,0.94674,0.94674,0.86013,0.99352,0.99351,1.08040,1.08250,0.97626,3
182,1.57750,1.57750,1.11820,1.11820,0.86875,0.96826,0.96825,1.07270,0.83747,0.93596,3
183,1.19840,1.19840,0.88216,0.88216,0.92669,0.93669,0.93669,0.98783,1.04650,0.96058,1
184,1.10560,1.10560,0.86734,0.86734,0.92621,0.93718,0.93718,0.99935,1.00690,0.97838,1
185,1.23460,1.23460,0.68154,0.68154,0.92545,0.95216,0.95216,1.02180,0.99369,0.98915,1
186,1.08720,1.08720,0.92278,0.92278,0.91288,0.97790,0.97790,1.03840,0.95612,0.89156,1
187,1.26730,1.26730,0.70693,0.70693,0.83094,1.08120,1.08120,1.14610,1.12080,1.00930,2
188,0.96910,0.96910,0.55687,0.55687,0.83023,1.08280,1.08290,1.17890,1.16170,1.04230,2
189,1.33050,1.33050,0.81901,0.81901,0.82952,1.08650,1.08660,1.19850,1.08910,1.03600,2
190,0.98391,0.98391,0.97843,0.97843,0.80668,1.14290,1.14280,1.28840,1.16830,1.04000,3
191,1.33560,1.33560,0.97773,0.97773,0.78440,1.20210,1.20210,1.47480,1.23410,1.25550,3
192,1.33540,1.33540,0.88618,0.88618,0.77657,1.21750,1.21750,1.66470,1.30160,1.06720,3
193,1.38150,1.38150,0.63382,0.63382,0.77017,1.25600,1.25600,1.71960,1.33300,1.17240,3
194,1.45990,1.45990,0.77488,0.77488,0.90985,0.97777,0.97777,1.15610,1.03390,0.99064,1
195,0.98430,0.98430,0.84958,0.84958,0.90077,0.99038,0.99038,1.15960,1.05350,0.96882,1
196,1.28840,1.28840,0.86488,0.86488,0.88285,1.05870,1.05870,1.17200,1.09460,1.06850,1
197,1.38770,1.38770,0.96208,0.96208,0.80056,1.16500,1.16500,1.29410,1.23450,1.19150,2
198,1.45950,1.45950,0.99101,0.99101,0.79726,1.16750,1.16750,1.31780,1.27430,1.21060,2
199,1.60130,1.60130,1.05310,1.05310,0.77408,1.22460,1.22460,1.43760,1.30720,1.27880,3
200,1.59620,1.59620,1.12910,1.12910,0.76552,1.24990,1.24990,1.4767,1.27860,1.28140,3
201,1.42050,1.42050,1.17940,1.17940,0.75850,1.25690,1.25690,1.5037,1.31150,1.27510,3
202,1.61140,1.61140,1.19210,1.19210,0.75777,1.25700,1.25700,1.5054,1.27800,1.22100,3
203,1.88700,1.88700,1.19770,1.19770,0.75704,1.26560,1.26560,1.5378,1.34880,1.28690,3
204,1.72310,1.72310,1.11250,1.11250,0.75325,1.28370,1.28370,1.6498,1.23670,1.19080,3
205,1.29230,1.29230,0.75573,0.75573,0.87299,1.09430,1.09430,1.1556,1.08820,1.01230,1
206,1.04390,1.04390,1.09920,1.09920,0.88531,1.06500,1.06500,1.2082,1.02960,0.91756,1
207,1.59230,1.59230,1.16750,1.16750,0.89233,1.04840,1.04840,1.1877,1.02510,0.95533,1
208,1.43240,1.43240,1.16030,1.16030,0.82432,1.10020,1.10020,1.3277,1.07340,0.99110,2
209,1.55460,1.55460,0.97823,0.97823,0.83150,1.09080,1.09080,1.2941,1.12030,0.97490,2
210,1.63420,1.63420,1.10390,1.10390,0.81380,1.13740,1.13740,1.4256,1.17290,1.03950,3
211,1.51750,1.51750,1.12740,1.12740,0.81526,1.11870,1.11860,1.4212,1.12740,1.09390,3
212,1.33480,1.33480,0.93915,0.93915,0.81651,1.11710,1.11710,1.4426,1.23390,1.16910,3
213,1.68560,1.68560,1.06510,1.06510,0.81742,1.11620,1.11620,1.4097,1.27740,1.19510,3
214,1.62390,1.62390,1.06650,1.06650,0.82611,1.09620,1.09620,1.4159,1.23580,1.07250,3
215,1.57990,1.57990,1.02430,1.02430,0.85898,1.01950,1.01950,1.3700,1.20110,1.02700,2
216,1.87550,1.87550,1.12470,1.12470,0.86915,1.01380,1.01380,1.4710,1.27140,0.74717,2
217,1.23990,1.23990,0.75137,0.75137,0.92205,0.97039,0.97039,1.1270,1.01180,0.91322,1
218,1.13280,1.13280,0.78857,0.78857,0.93624,0.91240,0.91240,1.1412,0.94664,0.92227,1
219,1.40760,1.40760,1.13270,1.13270,0.90434,1.00580,1.00580,1.1434,1.01230,0.95711,1
220,0.99647,0.99647,0.87600,0.87600,0.86579,1.01640,1.01640,1.2621,1.06040,1.00810,2
221,1.36540,1.36540,1.10490,1.10490,0.81449,1.13860,1.13860,1.3113,1.20550,1.22560,2
222,1.24540,1.24540,0.97527,0.97527,0.81587,1.12480,1.12480,1.3180,1.18890,1.28110,2
223,1.32960,1.32960,0.92747,0.92747,0.80640,1.11110,1.11110,1.3924,1.19740,1.11760,3
224,1.46960,1.46960,1.03890,1.03890,0.82222,1.09440,1.09440,1.3927,1.16190,0.93755,3
225,1.56900,1.56900,0.88812,0.88812,0.82231,1.08790,1.08790,1.4000,1.19090,1.22870,3
226,1.71030,1.71030,0.85614,0.85614,0.98708,0.66665,0.66665,1.5216,0.72473,0.59726,3
227,1.72660,1.72660,0.66439,0.66439,0.95213,0.69888,0.69888,1.6114,0.79663,0.64045,3
228,1.23700,1.23700,1.04600,1.04600,0.89102,0.98526,0.98526,1.1744,1.05600,0.96825,1
229,1.24460,1.24460,0.88756,0.88756,0.90563,0.90947,0.90947,1.1478,0.93292,0.78098,1
230,1.13580,1.13580,0.84253,0.84253,0.90814,1.02240,1.02240,1.0758,1.09730,0.87897,1
231,1.24050,1.24050,0.92675,0.92675,0.82863,1.07850,1.07850,1.1691,1.11130,1.03530,2
232,1.28240,1.28240,0.91755,0.91755,0.83411,1.07330,1.07330,1.1375,1.13560,0.96183,2
233,1.41350,1.41350,0.91396,0.91396,0.83480,1.06780,1.06780,1.1998,1.15150,0.99973,2
234,1.53790,1.53790,0.89004,0.89004,0.84627,1.08490,1.08490,1.1837,1.17950,0.96265,2
235,1.25080,1.25080,0.84153,0.84153,0.85830,0.97362,0.97362,1.1961,1.00810,0.77551,2
236,0.93534,0.93534,0.83831,0.83831,0.86280,0.97430,0.97430,1.1837,0.99096,0.67511,2
237,1.37980,1.37980,0.85629,0.85629,0.84481,1.05530,1.05520,1.2980,1.06770,0.65938,3
238,0.89839,0.89839,0.85247,0.85247,0.84965,1.04690,1.04690,1.5550,1.06380,0.62086,3
239,1.18170,1.18170,0.92617,0.92617,0.90678,1.03530,1.03530,1.1718,1.08560,1.00340,1
240,1.05860,1.05860,0.92050,0.92050,0.90438,1.03180,1.03180,1.2049,1.02600,1.01240,1
241,1.15220,1.15220,0.91562,0.91562,0.89900,1.02060,1.02060,1.2829,1.10020,1.02540,1
242,1.58340,1.58340,1.00570,1.00570,0.81836,1.12050,1.12050,1.4007,1.18790,1.09630,2
243,1.24360,1.24360,0.97705,0.97705,0.82662,1.11910,1.11910,1.4045,1.19650,1.09360,2
244,1.30230,1.30230,1.00700,1.00700,0.80533,1.16190,1.16190,1.5018,1.26360,1.14210,3
245,1.34730,1.34730,0.98820,0.98820,0.82337,1.15920,1.15920,1.5040,1.11350,1.09010,3
246,1.57090,1.57090,0.88566,0.88566,0.79917,1.15600,1.15600,1.5395,1.26270,1.13760,3
247,1.44370,1.44370,0.70532,0.70532,0.81606,1.15380,1.15380,1.5685,1.19040,1.10280,3
248,1.25850,1.25850,0.66089,0.66089,0.79974,1.12780,1.12780,1.6202,1.21370,1.11000,3
249,0.97167,0.97167,0.63297,0.63297,0.83191,1.09650,1.09650,1.7263,1.27650,1.14910,3
250,1.03260,1.03260,0.79381,0.79381,0.87832,1.06660,1.06660,1.1489,1.01070,0.99622,1
251,1.21530,1.21530,1.13130,1.13130,0.89164,1.02550,1.02550,1.1943,1.11680,1.01900,1
252,1.40570,1.40570,1.03500,1.03500,0.82128,1.10570,1.10570,1.3265,1.18650,1.08350,2
253,1.21030,1.21030,0.94992,0.94992,0.90482,0.99187,0.99187,1.0307,0.99541,0.90105,1
254,1.34890,1.34890,1.00230,1.00230,0.82649,1.05190,1.05190,1.1493,1.13370,1.01880,2
255,1.39980,1.39980,1.13090,1.13090,0.83922,1.05130,1.05130,1.1335,1.04930,0.95788,2
256,1.24890,1.24890,1.06580,1.06580,0.84073,1.04650,1.04650,1.1176,0.98946,0.92340,2
257,1.32760,1.32760,1.17150,1.17150,0.84492,1.04280,1.04280,1.1707,1.04160,0.68847,2
258,1.75900,1.75900,1.12320,1.12320,0.85911,1.03650,1.03660,1.2102,1.14960,0.59239,2
259,1.57550,1.57550,1.14660,1.14660,0.84335,1.06520,1.06510,1.3231,1.18170,0.62913,3
260,2.29480,2.29480,1.17970,1.17970,0.86004,1.00280,1.00280,1.4398,1.13650,0.71075,3
261,1.42980,1.42980,1.08680,1.08680,0.87840,1.04760,1.04760,1.1700,1.04740,1.05930,1
262,1.65510,1.65510,1.07730,1.07730,0.88320,1.03980,1.03980,1.2028,1.12890,0.99238,1
263,1.30010,1.30010,1.09180,1.09180,0.89175,1.02510,1.02510,1.2035,1.05110,1.06830,1
264,1.13230,1.13230,1.00300,1.00300,0.89290,1.01650,1.01650,1.2094,1.06030,0.73165,1
265,1.02250,1.02250,1.04550,1.04550,0.89586,0.99679,0.99679,1.2207,1.01810,1.04860,1
266,1.15150,1.15150,0.94231,0.94231,0.92313,0.91366,0.91366,1.2510,0.97079,0.97152,1
267,1.50660,1.50660,1.10500,1.10500,0.84979,1.00840,1.00840,1.3619,0.96876,1.04920,2
268,1.60730,1.60730,1.16510,1.16510,0.86167,0.97334,0.97334,1.3799,1.06270,1.08890,2
269,0.93921,0.93921,0.94886,0.94886,0.86510,0.95005,0.95005,1.3841,1.01950,1.05220,2
270,0.91781,0.91781,1.13830,1.13830,0.87535,0.94438,0.94438,1.4173,0.96609,1.00460,2
271,1.55170,1.55170,1.07600,1.07600,0.85958,0.98150,0.98149,1.5037,1.07410,1.03470,3
272,1.53410,1.53410,0.88859,0.88859,0.86543,1.05370,1.05370,1.1279,1.12240,1.07300,1
273,1.63260,1.63260,1.18330,1.18330,0.79216,1.16930,1.16930,1.2332,1.26730,1.23110,2
274,1.17580,1.17580,1.06920,1.06920,0.79872,1.10710,1.10710,1.2427,1.19650,1.03240,2
275,1.3660,1.3660,1.17920,1.17920,0.78264,1.17370,1.17370,1.31500,1.23450,1.02350,3
276,1.4508,1.4508,1.05040,1.05040,0.78325,1.10580,1.10580,1.31760,1.15720,0.99388,3
277,1.3083,1.3083,1.03150,1.03150,0.78851,1.05930,1.05930,1.44980,1.12630,1.00120,3
278,1.2907,1.2907,0.86655,0.86655,0.79138,1.10500,1.10500,1.53440,1.20140,1.07170,3
279,1.4009,1.4009,1.01940,1.01940,0.79169,1.16170,1.16170,1.64480,1.16940,1.03950,3
280,1.5924,1.5924,1.09360,1.09360,0.81674,1.25650,1.25650,1.69260,1.35760,1.12270,3
281,1.3632,1.3632,0.92905,0.92905,0.81968,1.20390,1.20390,1.72650,1.27660,1.15990,3
282,1.0107,1.0107,0.70963,0.70963,0.83434,1.18810,1.18810,1.73690,1.26390,1.09550,3
283,1.3290,1.3290,0.73947,0.73947,0.92454,0.94719,0.94719,0.98448,1.03590,0.99603,1
284,1.0212,1.0212,0.98715,0.98715,0.93152,0.92036,0.92036,0.98790,0.94328,0.87482,1
285,1.4339,1.4339,0.57244,0.57244,0.93361,0.91223,0.91223,0.99573,0.99055,1.00210,1
286,1.5198,1.5198,0.83577,0.83577,0.95576,0.90286,0.90286,0.99720,0.91166,0.85560,1
287,1.2633,1.2633,0.85106,0.85106,0.94796,0.89044,0.89044,1.00370,0.91441,0.89325,1
288,1.3318,1.3318,0.71014,0.71014,0.96135,0.88352,0.88352,1.01990,0.92285,0.86901,1
289,1.3996,1.3996,0.69572,0.69572,0.86876,0.98347,0.98347,1.14050,1.06570,1.06040,2
290,1.4147,1.4147,0.82832,0.82832,0.86613,0.95701,0.95701,1.14240,1.00690,0.99788,2
291,1.4452,1.4452,0.81355,0.81355,0.87005,0.95662,0.95662,1.14380,1.05410,0.96113,2
292,1.3194,1.3194,0.64951,0.64951,0.88061,0.95645,0.95645,1.15570,1.02110,0.96547,2
293,1.6235,1.6235,0.58132,0.58132,0.84366,0.99574,0.99573,1.29540,1.09970,0.97214,3
294,1.3585,1.3585,0.82325,0.82325,0.89409,1.02650,1.02650,1.11460,1.07970,1.04700,1
295,1.3677,1.3677,0.87449,0.87449,0.89049,1.03830,1.03830,1.13620,1.03460,1.05400,1
296,1.3303,1.3303,0.94291,0.94291,0.87771,1.07160,1.07160,1.13820,1.11780,1.10270,1
297,1.3933,1.3933,0.97458,0.97458,0.87380,1.07260,1.07260,1.15630,1.13480,1.10070,1
298,1.3172,1.3172,0.79174,0.79174,0.86294,1.10910,1.10910,1.16390,1.17550,1.21590,1
299,1.1532,1.1532,1.00320,1.00320,0.85745,1.11680,1.11680,1.21090,1.18890,1.24940,1
300,1.5170,1.5170,0.91354,0.91354,0.77366,1.2173,1.2173,1.3430,1.3028,1.2397,2
301,1.1330,1.1330,0.95509,0.95509,0.77263,1.2277,1.2277,1.3719,1.2766,1.2261,2
302,1.2430,1.2430,0.95198,0.95198,0.76921,1.2310,1.2310,1.4625,1.3151,1.2414,2
303,1.8676,1.8676,0.71791,0.71791,0.75843,1.2739,1.2739,1.5215,1.2444,1.2172,2
304,1.5385,1.5385,0.95267,0.95267,0.74991,1.2026,1.2026,1.4315,1.3442,1.2422,2
305,1.0250,1.0250,1.17870,1.17870,0.89705,1.0128,1.0128,1.1817,1.0144,1.0403,1
306,1.5914,1.5914,1.08830,1.08830,0.89812,1.0083,1.0083,1.2370,1.0912,1.0865,1
307,1.5059,1.5059,1.08410,1.08410,0.82135,1.1081,1.0851,1.3745,1.1523,1.2032,2
308,1.4507,1.4507,1.10720,1.10720,0.82139,1.1052,1.1081,1.3337,1.1546,1.2501,2
309,1.3403,1.3403,1.05120,1.05120,0.82228,1.0981,1.1116,1.3501,1.1231,1.2337,2
310,1.4220,1.4220,1.04730,1.04730,0.82594,1.0874,1.0866,1.3986,1.1183,1.2212,2
311,1.2152,1.2152,0.97708,0.97708,0.82595,1.0866,1.0981,1.4276,1.1939,1.2123,2
312,1.3642,1.3642,0.96936,0.96936,0.82712,1.0851,1.0794,1.4276,1.0925,1.2161,2
313,1.4515,1.4515,0.95773,0.95773,0.82824,1.0839,1.0839,1.4923,1.1835,1.1974,2
314,1.2568,1.2568,0.92258,0.92258,0.82970,1.0794,1.0874,1.7160,1.1331,1.2041,2
315,1.3410,1.3410,0.84584,0.84584,0.83441,1.0601,1.0601,1.6403,1.0721,1.1791,2
316,1.0250,1.0250,1.17870,1.17870,0.89705,1.0128,1.0128,1.1817,1.1027,1.0403,1
317,1.5914,1.5914,1.08830,1.08830,0.89812,1.0083,1.0083,1.2370,1.0258,1.0865,1
318,1.5059,1.5059,1.08410,1.08410,0.82135,1.1081,1.0851,1.3745,1.1248,1.2032,2
319,1.4507,1.4507,1.10720,1.10720,0.82139,1.1050,1.1081,1.3337,1.2113,1.2501,2
320,1.3403,1.3403,1.05120,1.05120,0.82228,1.0981,1.1105,1.3501,1.1625,1.2337,2
321,1.4220,1.4220,1.04730,1.04730,0.82594,1.0874,1.0866,1.3986,1.1191,1.2212,2
322,1.2152,1.2152,0.97708,0.97708,0.82595,1.0866,1.0981,1.4276,1.1756,1.2123,2
323,1.3642,1.3642,0.96936,0.96936,0.82712,1.0851,1.0794,1.4276,1.1514,1.2161,2
324,1.4515,1.4515,0.95773,0.95773,0.82824,1.0839,1.0839,1.4923,1.1085,1.1974,2
325,1.25680,1.25680,0.92258,0.92258,0.82970,1.07940,1.08740,1.71600,1.13960,1.20410,2
326,1.34100,1.34100,0.84584,0.84584,0.83441,1.06010,1.06010,1.64030,1.16000,1.17910,2
327,1.06500,1.06500,0.69149,0.69149,0.94144,0.90260,0.90260,0.95164,1.07710,0.99617,1
328,1.22900,1.22900,0.69833,0.69833,0.93374,0.91179,0.91179,0.95273,1.20550,1.07450,1
329,1.01780,1.01780,0.81560,0.81560,0.92932,0.93923,0.93923,0.96383,1.18440,1.16120,1
330,1.33370,1.33370,0.84385,0.84385,0.92682,0.94363,0.94363,0.96383,1.01810,1.17650,1
331,1.44680,1.44680,0.84461,0.84461,0.91891,0.95010,0.95010,0.96437,1.03520,1.15790,1
332,1.08360,1.08360,0.84493,0.84493,0.91810,0.96298,0.96298,0.96893,1.03980,1.25350,1
333,1.06360,1.06360,0.85760,0.85760,0.90627,0.98193,0.98193,0.97602,1.00890,1.19160,1
334,1.11700,1.11700,0.96339,0.96339,0.88776,1.02790,1.02790,0.97638,1.00640,1.21190,1
335,1.07990,1.07990,0.98424,0.98424,0.88492,1.05610,1.05610,1.05640,1.03550,1.24860,1
336,1.31390,1.31390,1.08530,1.08530,0.86961,1.08470,1.08470,1.06370,1.08090,1.24180,1
337,1.04690,1.04690,1.08580,1.08580,0.85833,1.10870,1.10870,1.06480,0.96503,1.21030,1
338,1.22170,1.22170,0.86149,0.86149,0.91056,0.92438,0.92438,1.15660,1.00860,0.99423,1
339,1.21580,1.21580,0.88456,0.88456,0.91092,0.93937,0.93937,1.18800,1.03360,0.97184,1
340,1.39330,1.39330,1.03810,1.03810,0.83379,1.04840,1.04840,1.29430,1.08710,1.06670,2
341,1.16100,1.16100,1.04660,1.04660,0.83978,1.05310,1.05310,1.30800,1.11530,1.05380,2
342,1.23300,1.23300,1.05880,1.05880,0.83985,1.05620,1.05620,1.33770,1.05350,1.02790,2
343,1.42330,1.42330,1.06970,1.06970,0.84069,1.07170,1.07170,1.34640,1.15140,1.08250,2
344,1.32330,1.32330,1.11920,1.11920,0.84316,1.07860,1.07860,1.38770,1.10680,1.06330,2
345,1.56070,1.56070,1.18160,1.18160,0.82648,1.13980,1.13980,1.45990,1.17800,1.13890,3
346,1.23740,1.23740,1.08390,1.08390,0.82742,1.14500,1.14500,1.46890,1.21070,1.12200,3
347,0.98525,0.98525,1.13330,1.13330,0.82912,1.14820,1.14820,1.53500,1.12630,1.09920,3
348,1.23310,1.23310,1.22520,1.22520,0.83434,1.15170,1.15170,1.59190,1.18230,1.11730,3
349,1.08550,1.08550,1.08540,1.08540,0.91076,0.97681,0.97681,1.13270,1.01560,0.97319,1
350,1.36330,1.36330,1.06490,1.06490,0.90838,0.98302,0.98302,1.17620,1.0585,1.06300,1
351,1.09030,1.09030,0.93168,0.93168,0.90672,0.98760,0.98760,1.21180,1.0516,1.03550,1
352,1.26850,1.26850,1.00620,1.00620,0.82415,1.08910,1.08910,1.33060,1.1800,1.16730,2
353,1.21230,1.21230,0.97336,0.97336,0.82326,1.09380,1.09380,1.36030,1.1257,1.18070,2
354,1.33360,1.33360,0.96824,0.96824,0.81978,1.10240,1.10240,1.38720,1.1260,1.19160,2
355,1.24000,1.24000,0.98671,0.98671,0.78735,1.18730,1.18730,1.61650,1.2499,1.26340,3
356,0.85842,0.85842,0.95263,0.95263,0.78298,1.19560,1.19560,1.73060,1.2713,1.25730,3
357,0.87268,0.87268,0.93494,0.93494,0.77742,1.19740,1.19740,1.84840,1.2833,1.26470,3
358,0.93234,0.93234,0.92162,0.92162,0.77726,1.21140,1.21140,1.92900,1.2817,1.26140,3
359,0.91905,0.91905,0.91963,0.91963,0.77182,1.22160,1.22160,1.94980,1.2715,1.28520,3
360,1.49660,1.49660,1.00650,1.00650,0.90887,0.98608,0.98608,1.06890,1.0366,0.96802,1
361,1.03560,1.03560,0.94886,0.94886,0.93709,0.92691,0.92691,1.09410,1.0201,0.77947,1
362,1.16560,1.16560,0.94345,0.94345,0.90572,1.00870,1.00870,1.10970,1.0254,0.91040,1
363,1.17050,1.17050,0.98694,0.98694,0.88437,0.93878,0.93878,1.24630,1.0263,0.90541,2
364,1.34590,1.34590,0.94986,0.94986,0.85005,1.03480,1.03480,1.28190,1.1338,0.99716,2
365,0.94558,0.94558,0.97272,0.97272,0.82136,1.10910,1.10910,1.35410,1.1255,1.01980,3
366,1.14130,1.14130,0.91703,0.91703,0.84357,1.06630,1.06630,1.30020,1.1704,0.96974,2
367,0.95037,0.95037,0.96837,0.96837,0.90788,0.99654,0.99654,1.07120,1.0722,0.97632,1
368,1.32830,1.32830,0.85727,0.85727,0.91574,0.97350,0.97350,0.98359,1.0186,0.90374,1
369,1.11740,1.11740,0.83232,0.83232,0.92192,0.95373,0.95373,0.98156,1.0046,0.87958,1
370,1.35520,1.35520,0.81822,0.81822,0.90262,1.00300,1.00300,1.01510,1.0403,0.98918,1
371,1.46150,1.46150,1.07600,1.07600,0.82721,1.09850,1.09860,0.98622,1.1447,1.07040,2
372,1.29460,1.29460,0.70996,0.70996,0.81963,1.11110,1.11110,1.11400,1.1657,1.05500,2
373,1.20500,1.20500,1.03130,1.03130,0.82722,1.08610,1.08610,0.98797,1.0968,0.94622,2
374,1.30570,1.30570,1.02610,1.02610,0.80777,1.13640,1.13640,1.11470,1.1914,1.03240,2
375,1.39010,1.39010,1.04720,1.04720,0.78924,1.17660,1.17660,1.1377,1.1889,1.03830,2
376,1.57820,1.57820,1.08420,1.08420,0.80417,1.15020,1.15020,1.0362,1.1839,1.01410,3
377,1.44610,1.44610,0.96742,0.96742,0.80458,1.15060,1.15060,1.0607,1.1679,1.01300,3
378,1.18880,1.18880,1.08570,1.08570,0.92990,0.97068,0.97068,1.2150,1.0660,0.99701,1
379,1.26450,1.26450,0.97048,0.97048,0.92340,1.00390,1.00390,1.2231,1.1006,1.00160,1
380,1.30230,1.30230,0.98428,0.98428,0.84260,1.08440,1.08440,1.3758,1.1556,1.11460,2
381,1.51190,1.51190,0.97653,0.97653,0.84235,1.07540,1.07540,1.4231,1.1608,1.09410,2
382,1.32900,1.32900,0.97263,0.97263,0.83907,1.03530,1.03540,1.4466,1.1238,1.06030,2
383,0.99679,0.99679,0.96621,0.96621,0.83316,1.04520,1.04520,1.4655,1.0869,1.06280,2
384,1.30510,1.30510,1.00010,1.00010,0.80730,1.10060,1.10060,1.5502,1.1837,1.10950,3
385,1.61850,1.61850,0.97113,0.97113,0.80581,1.12890,1.12890,1.6566,1.1545,1.10320,3
386,1.31110,1.31110,0.96675,0.96675,0.80489,1.10620,1.10620,1.6792,1.1377,1.04740,3
387,1.37760,1.37760,0.92552,0.92552,0.80437,1.08450,1.08450,1.6931,1.1917,0.98149,3
388,1.00880,1.00880,0.91666,0.91666,0.76875,1.10360,1.10360,1.6580,1.1278,1.01740,3
389,1.16790,1.16790,0.88449,0.88449,0.91219,0.99842,0.99842,1.1297,1.0435,1.02000,1
390,1.32550,1.32550,0.77007,0.77007,0.90324,0.99053,0.99053,1.1563,0.9924,0.97714,1
391,1.29660,1.29660,0.74170,0.74170,0.90230,0.96399,0.96399,1.1789,1.0537,1.04880,1
392,1.23890,1.23890,0.95545,0.95545,0.82131,1.09490,1.09500,1.3499,1.1816,1.12310,2
393,1.43510,1.43510,0.66330,0.66330,0.81801,1.11970,1.11970,1.3971,1.1371,1.29290,2
394,1.15710,1.15710,1.03000,1.03000,0.81736,1.26640,1.26640,1.5095,1.2758,1.21730,2
395,1.34300,1.34300,0.87422,0.87422,0.79280,1.19200,1.19200,1.6909,1.2124,1.17790,3
396,1.35360,1.35360,0.65942,0.65942,0.78812,1.14590,1.14590,1.7715,1.2099,1.18210,3
397,0.96561,0.96561,0.96627,0.96627,0.78356,1.17830,1.17830,2.0744,1.1895,1.24280,3
398,1.54670,1.54670,1.08030,1.08030,0.78160,1.21680,1.21680,2.1310,1.2341,1.12110,3
399,1.68510,1.68510,1.18350,1.18350,0.77535,1.20040,1.20040,2.1610,1.2810,1.21510,3
400,1.70540,1.70540,1.11700,1.11700,0.71998,1.21920,1.21920,2.1810,1.28470,1.17720,3
401,1.07490,1.07490,1.06960,1.06960,0.90658,1.06240,1.06240,1.1186,1.05950,0.97392,1
402,1.31230,1.31230,0.85316,0.85316,0.90903,0.98778,0.98778,1.1224,0.99845,0.91624,1
403,1.30760,1.30760,0.61900,0.61900,0.82999,1.08490,1.08490,1.2377,1.10320,1.09410,2
404,1.18370,1.18370,0.93299,0.93299,0.83493,1.07390,1.07390,1.2399,1.09520,1.10450,2
405,1.42470,1.42470,0.71662,0.71662,0.83833,1.05250,1.05260,1.2511,1.01110,1.05900,2
406,1.35040,1.35040,1.12590,1.12590,0.83953,1.04810,1.04820,1.2677,1.10660,1.12920,2
407,1.21470,1.21470,0.64898,0.64898,0.84288,1.04650,1.04650,1.2770,1.05560,1.08670,2
408,1.29610,1.29610,0.87396,0.87396,0.84320,1.04310,1.04310,1.2897,1.12130,1.06550,2
409,0.95586,0.95586,0.95154,0.95154,0.83757,1.04590,1.04590,1.4271,1.15460,1.18040,3
410,1.24850,1.24850,1.00330,1.00330,0.86354,0.98471,0.98471,1.8095,1.18390,1.28950,2
411,1.50060,1.50060,0.63865,0.63865,0.90086,1.00460,1.01260,1.2296,1.06660,0.99595,1
412,1.33080,1.33080,0.70090,0.70090,0.81371,1.11810,1.11810,1.5245,1.13060,1.18700,3
413,1.19100,1.19100,0.78643,0.78643,0.90357,1.00590,1.00590,1.1975,1.01110,1.06130,1
414,1.55720,1.55720,0.89172,0.89172,0.83214,1.07850,1.07850,1.3293,1.09780,1.10820,2
415,1.38030,1.38030,0.93957,0.93957,0.81182,1.12910,1.12910,1.4446,1.22750,1.14570,3
416,1.50530,1.50530,0.93244,0.93244,0.82593,1.09300,1.09300,1.2948,1.18350,1.02720,2
417,1.51390,1.51390,0.93346,0.93346,0.82789,1.08540,1.08540,1.3500,1.17840,1.06250,2
418,1.28880,1.28880,0.95891,0.95891,0.80961,1.13410,1.13410,1.3953,1.20120,1.04170,2
419,1.39370,1.39370,1.01710,1.01710,0.81717,1.13260,1.13260,1.4635,1.18810,0.98906,2
420,1.16010,1.16010,1.09000,1.09000,0.81345,1.12830,1.12830,1.4728,1.19520,1.00750,2
421,1.34550,1.34550,1.15920,1.15920,0.81291,1.07050,1.07050,1.4923,1.08800,1.06100,2
422,1.52540,1.52540,0.86017,0.86017,0.89789,1.00670,1.00310,1.1987,1.09240,0.99269,1
423,1.66520,1.66520,1.02720,1.02720,0.89851,0.99637,0.99637,1.2066,1.02860,0.90720,1
424,1.51700,1.51700,1.04890,1.04890,0.81932,1.09560,1.09560,1.3313,1.17360,0.98368,2
425,1.69600,1.69600,0.65908,0.65908,0.83632,1.06730,1.06730,1.3753,1.06780,0.90725,2
426,1.34210,1.34210,0.91714,0.91714,0.83913,1.06250,1.06260,1.4095,1.14300,0.94805,2
427,0.92209,0.92209,0.96382,0.96382,0.84026,1.05090,1.05090,1.4657,1.07430,1.01570,2
428,1.45090,1.45090,0.95902,0.95902,0.84246,1.04820,1.04830,1.4834,1.09500,0.74596,2
429,1.69660,1.69660,1.10240,1.10240,0.82644,1.07030,1.07030,1.5590,1.09140,0.70808,3
430,1.33820,1.33820,1.07620,1.07620,0.83788,1.03750,1.03750,1.5599,1.01690,0.70854,3
431,1.81970,1.81970,1.19080,1.19080,0.84827,1.00540,1.00540,1.5802,1.08480,0.71383,3
432,1.64960,1.64960,1.17480,1.17480,0.85665,0.99475,0.99474,1.6006,1.14100,0.72257,3
433,1.36440,1.36440,0.79031,0.79031,0.85415,1.04200,1.04200,1.1797,1.15090,1.13590,1
434,1.20810,1.20810,0.82569,0.82569,0.86160,1.04230,1.04230,1.2271,1.14010,1.07550,1
435,1.16510,1.16510,0.83046,0.83046,0.86267,1.04280,1.04280,1.1883,1.15600,1.32440,1
436,1.53800,1.53800,0.84978,0.84978,0.86459,1.05140,1.05140,1.0386,1.07550,0.98911,1
437,1.30080,1.30080,0.97283,0.97283,0.87142,1.07440,1.07440,1.0942,1.15230,1.00700,1
438,1.53360,1.53360,1.12240,1.12240,0.76997,1.22900,1.22900,1.4118,1.32210,1.19900,3
439,1.66270,1.66270,1.16890,1.16890,0.77113,1.23190,1.23190,1.3795,1.20600,1.21630,3
440,1.23510,1.23510,1.12600,1.12600,0.79722,1.18820,1.18820,1.2881,1.26340,1.17230,2
441,1.53320,1.53320,1.08460,1.08460,0.79822,1.19430,1.19430,1.5129,1.30480,1.51020,2
442,0.97567,0.97567,1.10880,1.10880,0.80336,1.20580,1.20580,1.4358,1.22030,1.14970,2
443,1.34930,1.34930,1.12550,1.12550,0.80662,1.20860,1.20860,1.3013,1.22430,1.10530,2
444,1.54190,1.54190,0.64849,0.64849,0.94545,0.91061,0.91061,1.1324,0.97341,0.99099,1
445,1.39090,1.39090,0.65913,0.65913,0.94185,0.93207,0.93207,1.1419,0.99052,0.97857,1
446,1.35810,1.35810,0.66619,0.66619,0.92600,0.95377,0.95377,1.1714,0.98439,0.95636,1
447,1.32410,1.32410,0.68384,0.68384,0.92556,0.95736,0.95736,1.1804,0.98153,0.95614,1
448,1.79700,1.79700,0.71574,0.71574,0.92474,0.96960,0.96960,1.1944,0.98115,0.97257,1
449,1.10390,1.10390,0.72813,0.72813,0.91927,0.98373,0.98373,1.2017,1.10310,1.00780,1
450,1.21870,1.21870,0.86061,0.86061,0.83666,1.0881,1.0882,1.33080,1.0980,1.10350,2
451,1.43850,1.43850,0.93842,0.93842,0.81228,1.1525,1.1525,1.41570,1.2522,1.17690,3
452,0.95356,0.95356,0.94372,0.94372,0.81110,1.1571,1.1571,1.45320,1.2243,1.16000,3
453,0.93002,0.93002,0.92091,0.92091,0.82980,1.1162,1.1162,1.38230,1.1866,1.07290,2
454,1.34120,1.34120,0.98777,0.98777,0.82575,1.1174,1.1174,1.48720,1.1600,1.07410,2
455,1.35070,1.35070,1.19800,1.19800,0.74312,1.2151,1.2151,1.60600,1.3126,1.16910,3
456,1.04670,1.04670,0.75888,0.75888,0.91683,1.0010,1.0010,1.22540,1.0259,0.99835,1
457,1.25930,1.25930,0.71135,0.71135,0.91137,1.0117,1.0101,1.01740,1.1127,0.96697,1
458,1.35290,1.35290,0.55510,0.55510,0.90907,1.0200,1.0200,0.89680,1.0833,0.97419,1
459,1.25180,1.25180,0.78017,0.78017,0.90220,1.0229,1.0229,0.87269,1.0600,0.95226,1
460,1.17480,1.17480,0.64803,0.64803,0.82062,1.1468,1.1468,0.88060,1.1636,1.06780,2
461,1.55000,1.55000,0.71344,0.71344,0.81637,1.1556,1.1556,0.89052,1.2082,0.77870,2
462,1.55880,1.55880,1.03510,1.03510,0.80831,1.1592,1.1592,0.91162,1.1647,0.79035,2
463,1.55260,1.55260,0.83733,0.83733,0.79845,1.1859,1.1859,0.91639,1.1988,0.75673,2
464,1.29590,1.29590,0.62243,0.62243,0.79630,1.2087,1.2087,0.91777,1.2638,0.90137,2
465,1.69790,1.69790,1.14760,1.14760,0.73963,1.3525,1.3525,0.91174,1.3607,0.96552,3
466,1.51980,1.51980,0.88027,0.88027,0.72658,1.2318,1.2318,0.91928,1.3158,1.00460,3
467,1.21960,1.21960,0.59916,0.59916,0.89359,1.0359,1.0359,1.36350,1.0746,1.02700,1
468,1.22200,1.22200,0.86565,0.86565,0.89371,1.0349,1.0349,1.31060,1.0680,1.08650,1
469,1.29240,1.29240,1.12500,1.12500,0.89486,1.0224,1.0224,1.20080,1.0233,1.10820,1
470,1.30420,1.30420,0.87798,0.87798,0.81755,1.1213,1.1213,1.30130,1.0987,1.26920,2
471,1.62340,1.62340,0.95572,0.95572,0.81821,1.1185,1.1185,1.29280,1.1546,1.22320,2
472,1.46880,1.46880,1.25950,1.25950,0.80111,1.1679,1.1679,1.35820,1.2154,1.21100,3
473,1.56960,1.56960,0.84487,0.84487,0.82361,1.1060,1.1060,1.28580,1.1339,1.26120,2
474,1.23640,1.23640,0.67190,0.67190,0.82405,1.1024,1.1024,1.26770,1.1053,1.21840,2
475,0.90670,0.90670,1.01660,1.01660,0.83124,1.07760,1.07770,1.2647,1.0983,1.22270,2
476,0.97848,0.97848,1.01290,1.01290,0.83650,1.07200,1.07200,1.2641,1.2098,1.24780,2
477,0.92599,0.92599,1.03620,1.03620,0.84531,1.05480,1.05480,1.2243,1.2218,1.26680,2
478,1.22540,1.22540,0.60053,0.60053,0.89156,1.03270,1.03270,1.0877,1.1089,1.08990,1
479,1.60180,1.60180,0.63280,0.63280,0.81583,1.09880,1.09890,1.2272,1.1382,1.13050,2
480,1.48850,1.48850,0.67628,0.67628,0.80336,1.12750,1.12750,1.2462,1.1583,1.13040,2
481,1.70280,1.70280,0.58880,0.58880,0.77439,1.19930,1.19930,1.3995,1.2940,1.08010,3
482,1.37100,1.37100,0.98956,0.98956,0.74991,1.27270,1.27270,1.4339,1.3380,0.74256,3
483,1.64180,1.64180,0.69535,0.69535,0.76069,1.24790,1.24790,1.5270,1.3216,0.48403,3
484,1.80780,1.80780,1.03250,1.03250,0.79200,1.16190,1.16190,1.6010,1.2244,0.61707,3
485,1.49770,1.49770,0.71561,0.71561,0.79944,1.12830,1.12830,1.6786,1.2226,0.31243,3
486,1.58520,1.58520,0.70573,0.70573,0.73602,1.30870,1.30870,1.6858,1.3257,0.95236,3
487,1.62320,1.62320,1.12830,1.12830,0.73065,1.32200,1.32200,1.7270,1.3957,0.59114,3
488,1.45730,1.45730,0.95344,0.95344,0.71991,1.33980,1.33980,1.6155,1.4012,0.52600,3
489,1.58130,1.58130,1.03380,1.03380,0.73226,1.21650,1.21650,1.6883,1.4009,0.46471,3
490,1.15390,1.15390,0.73955,0.73955,0.91240,0.97751,0.97751,1.1666,1.0781,0.99650,1
491,1.16950,1.16950,0.78996,0.78996,0.90900,0.97769,0.97769,1.1941,1.0232,1.01170,1
492,1.26070,1.26070,0.79959,0.79959,0.90876,0.97823,0.97823,1.2297,1.0120,1.00140,1
493,1.28610,1.28610,0.89140,0.89140,0.82824,1.08260,1.08260,1.3467,1.1027,1.02060,2
494,1.38450,1.38450,0.92434,0.92434,0.82554,1.09440,1.09440,1.3624,1.1059,1.11330,2
495,1.55480,1.55480,0.94854,0.94854,0.82203,1.10620,1.10710,1.4138,1.1473,1.01400,2
496,1.31500,1.31500,0.96845,0.96845,0.81913,1.11730,1.11730,1.4375,1.1813,1.04020,2
497,1.62710,1.62710,1.03600,1.03600,0.81318,1.11810,1.11810,1.4562,1.1676,1.03750,2
498,1.27060,1.27060,1.04320,1.04320,0.80677,1.12950,1.12950,1.5124,1.1189,0.77190,2
499,1.00980,1.00980,1.13680,1.13680,0.78436,1.18740,1.18740,1.6138,1.2793,0.97007,3
500,1.54960,1.54960,1.20160,1.20160,0.78244,1.18840,1.18840,1.6510,1.25950,0.95051,3
501,1.45540,1.45540,1.09670,1.09670,0.78060,1.20190,1.20190,1.6758,1.21280,0.95703,3
502,1.31520,1.31520,0.88403,0.88403,0.91267,0.97483,0.97483,1.0868,1.01050,0.99189,1
503,1.39560,1.39560,0.91460,0.91460,0.90354,0.98413,0.98413,1.1204,1.22140,1.05480,1
504,1.22220,1.22220,0.97548,0.97548,0.90295,0.98847,0.98847,1.1294,1.07590,1.01660,1
505,1.23690,1.23690,0.77229,0.77229,0.90023,0.99647,0.99647,1.1798,0.98936,1.01500,1
506,1.17660,1.17660,0.86434,0.86434,0.82005,1.10440,1.10440,1.2925,1.11110,1.11440,2
507,0.97423,0.97423,0.81525,0.81525,0.81690,1.11220,1.10440,1.3268,1.17660,1.12270,2
508,1.46920,1.46920,0.64758,0.64758,0.80881,1.13440,1.13440,1.3324,1.10370,1.10860,2
509,1.34430,1.34430,0.70994,0.70994,0.77723,1.20100,1.20100,1.4226,1.20650,1.19060,3
510,0.97897,0.97897,1.00810,1.00810,0.76737,1.23850,1.23850,1.5859,1.33660,1.22800,3
511,1.39170,1.39170,0.96182,0.96182,0.75536,1.26280,1.26280,1.7319,1.34810,1.22450,3
512,1.34020,1.34020,0.88789,0.88789,0.75179,1.27500,1.27500,1.7491,1.28000,1.21200,3
513,1.30780,1.30780,0.75210,0.75210,0.94908,0.85306,0.85306,1.0201,1.01120,0.99683,1
514,1.51500,1.51500,0.75504,0.75504,0.93242,0.92003,0.92003,1.0564,1.00640,0.99890,1
515,1.20300,1.20300,0.76675,0.76675,0.92973,0.94421,0.94421,1.0933,0.96335,0.92405,1
516,0.95325,0.95325,0.78875,0.78875,0.92729,0.95518,0.95518,1.1012,1.10550,1.03060,1
517,1.05880,1.05880,0.81780,0.81780,0.92185,0.96056,0.96056,1.1022,0.86576,0.85262,1
518,1.15570,1.15570,0.88000,0.88000,0.92075,0.97286,0.97286,1.1027,0.95084,0.89344,1
519,0.91895,0.91895,0.90224,0.90224,0.91314,0.97744,0.97744,1.1216,1.05130,0.97477,1
520,1.00650,1.00650,0.96205,0.96205,0.90792,0.97770,0.97770,1.1218,0.95883,1.00270,1
521,1.12070,1.12070,1.02880,1.02880,0.90781,0.98365,0.98365,1.1324,1.02670,0.94420,1
522,1.01700,1.01700,1.03310,1.03310,0.90704,1.00640,1.00500,1.1567,0.98906,1.01780,1
523,1.06170,1.06170,1.06730,1.06730,0.90658,1.01270,1.00640,1.2309,1.04000,1.03160,1
524,1.32400,1.32400,0.61273,0.61273,0.89873,0.93803,0.93803,1.1663,1.08760,0.98759,1
525,0.9895,0.9895,0.63604,0.63604,0.84411,1.06720,1.06720,1.3016,1.0905,1.07070,2
526,1.1446,1.1446,0.78529,0.78529,0.89390,0.99676,0.99676,1.2313,1.1331,1.00770,1
527,1.4263,1.4263,0.87842,0.87842,0.83457,1.12010,1.12010,1.2974,1.1252,1.04460,2
528,1.4075,1.4075,0.91834,0.91834,0.81268,1.13770,1.13770,1.3485,1.1644,1.10320,2
529,1.3920,1.3920,0.91847,0.91847,0.79580,1.15880,1.15880,1.4839,1.2234,1.10160,2
530,1.6027,1.6027,0.91874,0.91874,0.80489,1.16940,1.16940,1.4613,1.2080,1.13260,2
531,1.2224,1.2224,0.93651,0.93651,0.79338,1.17140,1.17140,1.4787,1.2176,1.12030,2
532,1.3539,1.3539,0.96986,0.96986,0.76227,1.21180,1.21180,1.4393,1.2331,1.13130,2
533,1.5066,1.5066,1.07280,1.07280,0.78061,1.22510,1.22510,1.4852,1.2529,1.01360,2
534,1.1806,1.1806,1.11880,1.11880,0.76342,1.24460,1.24460,1.5086,1.2546,1.10200,2
535,1.6332,1.6332,0.89633,0.89633,0.90700,0.99268,0.99268,1.0939,1.0337,0.99752,1
536,1.6938,1.6938,0.96681,0.96681,0.91921,0.96428,0.96428,1.0967,1.0392,0.87400,1
537,1.4510,1.4510,1.08960,1.08960,0.92683,0.94897,0.94897,1.1145,1.0871,0.92912,1
538,1.7119,1.7119,0.93628,0.93628,0.84716,1.04500,1.04500,1.2310,1.1386,1.03240,2
539,1.5399,1.5399,0.98696,0.98696,0.84921,1.04490,1.04490,1.2435,1.0854,1.09330,2
540,1.5190,1.5190,0.98266,0.98266,0.84942,1.02180,1.02180,1.2643,1.1347,1.09020,2
541,1.6980,1.6980,0.97039,0.97039,0.84339,1.04500,1.04500,1.3408,1.1424,1.08400,3
542,1.6798,1.6798,1.10860,1.10860,0.84476,1.03840,1.03840,1.3906,1.1003,1.11370,3
543,1.2912,1.2912,1.07200,1.07200,0.84820,1.03250,1.03250,1.4574,1.1307,1.03300,3
544,1.5886,1.5886,0.94857,0.94857,0.85642,1.02530,1.02530,1.4719,1.0868,1.08680,3
545,1.3877,1.3877,1.01770,1.01770,0.85800,1.01540,1.01540,1.6110,1.1168,0.98167,3
546,1.1110,1.1110,1.07940,1.07940,0.90921,0.97749,0.97749,1.1118,1.0965,0.97165,1
547,1.3287,1.3287,1.12310,1.12310,0.90038,1.00050,1.00050,1.1432,1.0292,0.92228,1
548,1.2537,1.2537,1.17080,1.17080,0.89881,1.00950,1.00950,1.1487,1.0491,0.92685,1
549,1.8080,1.8080,1.20040,1.20040,0.81725,1.11060,1.11060,1.2534,1.1376,1.07270,2
550,1.38710,1.38710,1.11470,1.11470,0.81706,1.12010,1.12010,1.2702,1.17250,1.05970,2
551,1.62310,1.62310,1.12250,1.12250,0.81372,1.12040,1.12040,1.2893,1.18770,1.04550,2
552,1.48530,1.48530,1.18100,1.18100,0.79065,1.17360,1.17360,1.3703,1.23270,1.10210,3
553,1.48000,1.48000,1.13040,1.13040,0.78985,1.17560,1.17560,1.3939,1.27600,1.07590,3
554,1.26990,1.26990,0.96577,0.96577,0.78931,1.17810,1.17810,1.5796,1.21010,1.09010,3
555,1.42320,1.42320,1.06360,1.06360,0.78352,1.18180,1.18180,1.7326,1.18410,1.10860,3
556,1.35000,1.35000,1.07790,1.07790,0.78321,1.19720,1.19720,1.6599,1.24460,1.06700,3
557,1.07670,1.07670,1.06650,1.06650,0.95352,0.91814,0.91814,1.0795,0.99809,0.99905,1
558,1.16240,1.16240,0.96168,0.96168,0.94913,0.89637,0.89637,1.0943,0.92696,1.02070,1
559,1.16040,1.16040,0.94661,0.94661,0.94573,0.99402,0.99402,1.0980,1.03990,0.99803,1
560,1.14200,1.14200,0.94564,0.94564,0.94469,0.92431,0.92431,1.1525,0.99425,0.98398,1
561,1.37570,1.37570,0.93544,0.93544,0.91771,0.99212,0.99212,1.1554,1.08720,0.94177,1
562,1.53540,1.53540,0.91777,0.91777,0.91582,1.10520,1.10520,1.1614,1.12680,0.87316,1
563,1.29120,1.29120,0.86801,0.86801,0.90725,1.09780,1.09780,1.1741,1.12840,0.91208,1
564,1.47450,1.47450,0.85414,0.85414,0.90213,1.02470,1.02470,1.1829,1.08710,0.94811,1
565,1.38300,1.38300,0.96329,0.96329,0.77807,1.29660,1.29660,1.3860,1.32960,0.69881,3
566,1.20920,1.20920,0.75321,0.75321,0.87468,1.03130,1.03130,1.2493,1.11010,0.73926,1
567,1.42720,1.42720,0.71667,0.71667,0.73187,1.06880,1.06880,1.4672,1.15160,0.76321,2
568,1.05710,1.05710,0.83287,0.83287,0.90860,1.00250,1.00250,1.0497,1.04170,0.94605,1
569,1.22970,1.22970,1.12840,1.12840,0.90785,1.00070,1.00070,1.0863,1.05520,0.92753,1
570,1.05300,1.05300,0.96341,0.96341,0.91742,0.97884,0.97884,1.0894,0.96698,0.86143,1
571,1.25550,1.25550,0.88173,0.88173,0.93225,0.97284,0.97284,1.1171,0.99026,0.85401,1
572,1.43170,1.43170,0.89051,0.89051,0.92731,0.96585,0.96585,1.1175,0.98714,0.93037,1
573,0.93836,0.93836,0.77392,0.77392,0.93409,0.95488,0.95488,1.1371,0.97857,0.87567,1
574,1.46340,1.46340,0.80340,0.80340,0.93165,0.93019,0.93019,1.1392,0.95750,0.82750,1
575,1.36100,1.36100,0.96639,0.96639,0.83210,1.02450,1.02450,1.2547,1.1817,0.96454,2
576,1.34050,1.34050,0.84681,0.84681,0.88178,1.02110,1.02110,1.2555,1.0378,0.98076,2
577,1.15330,1.15330,1.10740,1.10740,0.84380,1.01920,1.01920,1.2584,1.0737,0.97503,2
578,1.32330,1.32330,0.62995,0.62995,0.84792,0.97149,0.97149,1.2793,1.0323,1.00800,2
579,1.06100,1.06100,1.08890,1.08890,0.91220,0.98231,0.98231,1.1235,1.0609,0.97807,1
580,1.68480,1.68480,1.02190,1.02190,0.89992,0.99272,0.99272,1.1294,1.0417,0.85366,1
581,1.13340,1.13340,1.02020,1.02020,0.89544,1.02190,1.02190,1.1435,1.0967,0.90808,1
582,1.06920,1.06920,1.01840,1.01840,0.89083,1.02480,1.02480,1.1677,1.1102,0.65722,1
583,1.60900,1.60900,1.04820,1.04820,0.77021,1.22110,1.22110,1.2839,1.3219,0.60080,2
584,1.99320,1.99320,1.04670,1.04670,0.76465,1.25260,1.25260,1.2926,1.2835,0.69564,2
585,1.58500,1.58500,1.04620,1.04620,0.75479,1.27630,1.27630,1.3453,1.2890,0.67757,2
586,1.46160,1.46160,1.04020,1.04020,0.75245,1.21000,1.21000,1.4327,1.3415,0.91992,2
587,1.52900,1.52900,1.00430,1.00430,0.78029,1.21760,1.21760,1.4576,1.2652,1.03110,2
588,1.56970,1.56970,1.04280,1.04280,0.76345,1.24910,1.24910,1.5334,1.2882,0.92495,3
589,1.58950,1.58950,1.01910,1.01910,0.75685,1.26460,1.26460,1.5363,1.2900,1.08860,3
590,1.21840,1.21840,0.77700,0.77700,0.92069,0.98390,0.98390,1.1816,1.0028,1.00650,1
591,1.19490,1.19490,0.98994,0.98994,0.87215,1.10130,1.10130,1.1867,1.1529,1.11430,1
592,1.40960,1.40960,0.91807,0.91807,0.87123,1.11730,1.11730,1.1999,1.1338,1.15050,1
593,1.19480,1.19480,0.70186,0.70186,0.85922,1.12910,1.12910,1.2050,1.2354,1.15520,1
594,1.63700,1.63700,1.07760,1.07760,0.75624,1.30170,1.30170,1.3961,1.3435,1.18110,3
595,1.60020,1.60020,1.03030,1.03030,0.75409,1.30810,1.30810,1.3995,1.3618,1.03640,3
596,1.67450,1.67450,1.06920,1.06920,0.74484,1.33030,1.33030,1.4297,1.4015,0.94333,3
597,1.93680,1.93680,0.89333,0.89333,0.74005,1.33850,1.33850,1.4389,1.3928,1.16000,3
598,1.45390,1.45390,1.09230,1.09230,0.73671,1.34550,1.34550,1.4783,1.3049,1.16770,3
599,0.96417,0.96417,0.96610,0.96610,0.74895,1.22620,1.22620,1.4152,1.2692,1.11460,2
600,1.5118,1.5118,1.11830,1.11830,0.74849,1.24320,1.24320,1.4314,1.33030,0.97246,2
601,1.5087,1.5087,0.78053,0.78053,0.89352,0.99321,0.99321,1.0081,0.99421,1.04070,1
602,1.6661,1.6661,0.78979,0.78979,0.87736,1.04840,1.04840,1.0235,1.17350,1.10620,1
603,1.2924,1.2924,0.82617,0.82617,0.87464,1.04990,1.04990,1.0432,1.11380,1.08820,1
604,1.0929,1.0929,0.86787,0.86787,0.87426,1.07440,1.07440,1.0561,1.12660,1.15030,1
605,1.1793,1.1793,0.89568,0.89568,0.87295,1.08440,1.08440,1.0623,1.21030,1.16560,1
606,1.1986,1.1986,0.93076,0.93076,0.84970,1.12340,1.12340,1.0721,1.14680,1.18170,1
607,1.5192,1.5192,0.93343,0.93343,0.83896,1.13110,1.13110,1.0796,1.10360,1.17080,1
608,1.3787,1.3787,0.94267,0.94267,0.83520,1.15310,1.15310,1.0798,1.18390,1.15150,1
609,1.3344,1.3344,1.02120,1.02120,0.83489,1.15490,1.15490,1.0997,1.14130,1.21240,1
610,1.3361,1.3361,1.06770,1.06770,0.83451,1.17400,1.17400,1.1000,1.27900,1.18950,1
611,1.2824,1.2824,1.08270,1.08270,0.82350,1.18850,1.18850,1.1637,1.13940,1.16920,1
612,1.4341,1.4341,0.76288,0.76288,0.90611,0.99172,0.99172,1.1097,1.04080,1.00410,1
613,1.5059,1.5059,0.70667,0.70667,0.90873,0.98883,0.98883,1.1302,1.03850,1.01690,1
614,1.0752,1.0752,0.74322,0.74322,0.91231,0.97856,0.97856,1.1305,1.08870,1.02690,1
615,1.5585,1.5585,1.09370,1.09370,0.91668,0.96876,0.96876,1.1305,1.03040,1.01810,1
616,1.4530,1.4530,0.88916,0.88916,0.91800,0.96466,0.96466,1.1436,0.98171,1.01550,1
617,1.5576,1.5576,1.16060,1.16060,0.83791,1.06450,1.06450,1.2530,1.13070,1.08410,2
618,1.5510,1.5510,1.12510,1.12510,0.83871,1.06320,1.06320,1.2555,1.14660,1.12370,2
619,1.4664,1.4664,0.99499,0.99499,0.83981,1.06230,1.06230,1.2624,1.09470,1.10910,2
620,1.3502,1.3502,1.03610,1.03610,0.84065,1.05920,1.05920,1.2728,1.09810,1.13720,2
621,1.2279,1.2279,1.05060,1.05060,0.84353,1.05760,1.05760,1.2786,1.14590,1.11370,2
622,1.8605,1.8605,1.03590,1.03590,0.82925,1.08010,1.08010,1.6587,1.19260,1.17680,3
623,1.0090,1.0090,0.86888,0.86888,0.92920,0.92471,0.92471,1.0659,1.06910,1.17240,1
624,1.2264,1.2264,0.89089,0.89089,0.78866,1.18970,1.18970,1.0676,1.27510,1.38130,3
625,1.13300,1.13300,0.85546,0.85546,0.88569,1.04320,1.04320,1.07390,0.97629,1.02660,1
626,0.95008,0.95008,0.98065,0.98065,0.88281,1.04450,1.04450,1.07660,1.11040,1.12990,1
627,1.42700,1.42700,0.97477,0.97477,0.80133,1.17330,1.17330,1.18800,1.21300,1.29620,2
628,1.23730,1.23730,0.94600,0.94600,0.78214,1.18570,1.18570,1.18860,1.20240,1.29740,2
629,1.51800,1.51800,1.02450,1.02450,0.78203,1.20560,1.20560,1.19100,1.30060,1.29030,2
630,1.44470,1.44470,1.16230,1.16230,0.76668,1.25700,1.25700,1.19880,1.34610,1.23980,2
631,1.23650,1.23650,1.22990,1.22990,0.75974,1.26330,1.26330,1.21350,1.25730,1.23080,2
632,1.37130,1.37130,0.93026,0.93026,0.73487,1.31680,1.31680,1.36120,1.38540,1.21060,3
633,1.32460,1.32460,0.97540,0.97540,0.72693,1.34050,1.34050,1.38820,1.33820,1.29440,3
634,0.92466,0.92466,1.13830,1.13830,0.91303,0.98813,0.98813,1.11020,1.08320,1.02390,1
635,1.05610,1.05610,0.97121,0.97121,0.93729,0.90401,0.90401,1.11960,0.94475,0.83899,1
636,1.03340,1.03340,0.94237,0.94237,0.94609,0.89293,0.89293,1.14570,0.98678,0.83160,1
637,1.36070,1.36070,0.97761,0.97761,0.85107,1.03330,1.03330,1.27190,1.05470,0.97739,2
638,1.22730,1.22730,0.97630,0.97630,0.86674,0.98751,0.98751,1.27930,1.07840,0.78786,2
639,1.26890,1.26890,0.97283,0.97283,0.88594,0.92955,0.92955,1.34890,0.94268,0.73761,2
640,1.39550,1.39550,0.96055,0.96055,0.83302,1.06090,1.06090,1.59730,1.12300,0.92512,3
641,1.47100,1.47100,0.95791,0.95791,0.79150,1.15100,1.15100,1.69080,1.20560,0.97706,3
642,1.43630,1.43630,0.91995,0.91995,0.77876,1.20760,1.20760,1.90430,1.23060,1.03850,3
643,1.27020,1.27020,0.89153,0.89153,0.83269,1.06200,1.06190,1.96040,1.10210,1.04180,3
644,1.30980,1.30980,0.88245,0.88245,0.82390,1.10430,1.10430,2.03700,1.12830,1.05640,3
645,1.21110,1.21110,1.04940,1.04940,0.90251,0.99668,0.99668,1.10880,1.03950,1.00920,1
646,0.94073,0.94073,0.83023,0.83023,0.83074,1.07760,1.07760,1.19610,1.11790,1.01290,2
647,1.38090,1.38090,1.10790,1.10790,0.83731,1.05220,1.05220,1.17170,1.09630,1.08790,2
648,0.97265,0.97265,1.00040,1.00040,0.84521,1.02940,1.02940,1.11420,1.12080,1.00110,2
649,1.54640,1.54640,1.00050,1.00050,0.82425,1.07480,1.07480,0.98179,1.12930,1.11970,3
650,1.4209,1.4209,1.02340,1.02340,0.82675,1.0680,1.0680,0.96970,1.1227,1.1332,3
651,1.5280,1.5280,0.98522,0.98522,0.82677,1.0679,1.0679,0.96360,1.1093,1.1310,3
652,1.6937,1.6937,1.05070,1.05070,0.83212,1.0549,1.0549,0.96223,1.1051,1.0760,3
653,1.4669,1.4669,1.14740,1.14740,0.83392,1.0546,1.0546,0.95176,1.1337,1.1209,3
654,1.4200,1.4200,1.01800,1.01800,0.83422,1.0533,1.0533,0.95064,1.0850,1.1037,3
655,1.4836,1.4836,1.03100,1.03100,0.84454,1.0340,1.0340,0.94578,1.1132,1.1036,3
656,1.0022,1.0097,0.98197,0.96650,0.81455,1.1513,1.1532,1.61660,1.2348,1.0071,3
657,1.6293,1.5915,1.04310,1.05750,0.80206,1.1821,1.1776,1.61810,1.4169,0.5038,3
658,1.3343,1.3560,1.06000,1.05830,0.72491,1.2578,1.2471,1.70650,1.1283,1.0580,3
